{"Date":"2007-05-03","Open":21.75,"High":21.950001,"Low":20.549999,"Close":20.719999,"Adj Close":18.532804,"Volume":8052800}