{"Date":"2015-03-16","Open":46.150002,"High":46.490002,"Low":45.959999,"Close":46.16,"Adj Close":41.923012,"Volume":8517000}