{"Date":"2013-12-30","Open":26.940001,"High":27.379999,"Low":26.889999,"Close":27.190001,"Adj Close":24.444521,"Volume":7570900}