{"Date":"2014-01-08","Open":28.77,"High":30.1,"Low":28.610001,"Close":29.799999,"Adj Close":26.790976,"Volume":17910500}