{"Date":"2008-01-25","Open":16.0,"High":16.5,"Low":15.56,"Close":16.209999,"Adj Close":14.498877,"Volume":3093400}