{"Date":"2013-07-10","Open":19.360001,"High":19.639999,"Low":18.52,"Close":18.700001,"Adj Close":16.726038,"Volume":15637600}