{"Date":"2014-01-03","Open":28.370001,"High":29.360001,"Low":28.24,"Close":29.23,"Adj Close":26.278534,"Volume":19087100}