{"Date":"2013-03-21","Open":16.940001,"High":17.25,"Low":16.83,"Close":16.84,"Adj Close":15.062376,"Volume":10723800}