{"Date":"2014-04-23","Open":36.869999,"High":37.41,"Low":36.0,"Close":37.09,"Adj Close":33.409718,"Volume":22024400}