{"Date":"2007-12-06","Open":18.32,"High":18.780001,"Low":18.200001,"Close":18.379999,"Adj Close":16.439817,"Volume":2877000}