{"Date":"2014-12-02","Open":44.93,"High":46.279999,"Low":44.049999,"Close":44.669998,"Adj Close":40.488205,"Volume":18329400}