{"Date":"2008-02-13","Open":17.42,"High":17.940001,"Low":17.35,"Close":17.709999,"Adj Close":15.840546,"Volume":5251800}