{"Date":"2014-11-24","Open":43.470001,"High":44.07,"Low":43.150002,"Close":43.509998,"Adj Close":39.436794,"Volume":10597800}