{"Date":"2013-08-22","Open":19.690001,"High":20.4,"Low":19.690001,"Close":20.25,"Adj Close":18.164368,"Volume":13194900}