{"Date":"2014-06-03","Open":40.84,"High":41.389999,"Low":40.669998,"Close":41.150002,"Adj Close":37.125961,"Volume":11273200}