{"Date":"2013-11-12","Open":27.440001,"High":28.469999,"Low":27.43,"Close":28.120001,"Adj Close":25.280617,"Volume":29670200}