{"Date":"2013-11-15","Open":28.01,"High":28.190001,"Low":27.790001,"Close":28.120001,"Adj Close":25.280617,"Volume":10508100}