{"Date":"2008-02-04","Open":18.440001,"High":18.790001,"Low":17.1,"Close":17.25,"Adj Close":15.429099,"Volume":5381900}