{"Date":"2013-10-08","Open":24.76,"High":24.82,"Low":24.049999,"Close":24.23,"Adj Close":21.734451,"Volume":12505800}