{"Date":"2015-04-06","Open":41.41,"High":41.91,"Low":41.02,"Close":41.759998,"Adj Close":37.92688,"Volume":18500400}