{"Date":"2007-09-27","Open":17.93,"High":18.040001,"Low":17.57,"Close":17.82,"Adj Close":15.938932,"Volume":1443000}