{"Date":"2013-07-05","Open":18.84,"High":19.18,"Low":18.709999,"Close":19.0,"Adj Close":16.994368,"Volume":6658800}