{"Date":"2015-01-21","Open":48.77,"High":49.599998,"Low":48.200001,"Close":49.18,"Adj Close":44.575996,"Volume":14918700}