{"Date":"2013-08-28","Open":19.08,"High":19.219999,"Low":18.92,"Close":19.129999,"Adj Close":17.159723,"Volume":10242800}