{"Date":"2014-12-29","Open":48.009998,"High":48.869999,"Low":47.43,"Close":48.779999,"Adj Close":44.21344,"Volume":6656700}