{"Date":"2014-05-01","Open":37.0,"High":37.529999,"Low":36.970001,"Close":37.119999,"Adj Close":33.436737,"Volume":11867300}