{"Date":"2014-07-11","Open":37.599998,"High":37.880001,"Low":37.07,"Close":37.23,"Adj Close":33.589298,"Volume":11699500}