{"Date":"2008-01-24","Open":15.98,"High":16.209999,"Low":15.6,"Close":15.99,"Adj Close":14.302101,"Volume":3163200}