{"Date":"2007-10-08","Open":19.120001,"High":19.66,"Low":19.110001,"Close":19.48,"Adj Close":17.423697,"Volume":1546800}