{"Date":"2007-10-05","Open":18.629999,"High":19.700001,"Low":18.629999,"Close":19.190001,"Adj Close":17.164314,"Volume":3334700}