{"Date":"2015-01-16","Open":45.0,"High":45.900002,"Low":44.610001,"Close":45.84,"Adj Close":41.548668,"Volume":13020100}