{"Date":"2015-02-18","Open":45.150002,"High":45.450001,"Low":44.650002,"Close":45.27,"Adj Close":41.114708,"Volume":9889600}