{"Date":"2014-06-30","Open":39.18,"High":39.330002,"Low":38.599998,"Close":38.720001,"Adj Close":34.933582,"Volume":11834400}