{"Date":"2013-07-15","Open":19.450001,"High":19.68,"Low":19.219999,"Close":19.440001,"Adj Close":17.38792,"Volume":6599600}