{"Date":"2014-03-12","Open":34.599998,"High":34.84,"Low":34.209999,"Close":34.5,"Adj Close":31.07671,"Volume":9953500}