{"Date":"2015-02-11","Open":45.720001,"High":45.93,"Low":44.799999,"Close":44.98,"Adj Close":40.769192,"Volume":9619100}