{"Date":"2007-12-07","Open":18.5,"High":19.450001,"Low":18.5,"Close":18.700001,"Adj Close":16.726038,"Volume":4594500}