{"Date":"2014-11-04","Open":41.5,"High":42.860001,"Low":41.5,"Close":42.32,"Adj Close":38.276634,"Volume":19149900}