{"Date":"2014-03-06","Open":35.060001,"High":35.580002,"Low":35.029999,"Close":35.369999,"Adj Close":31.860376,"Volume":12030900}