{"Date":"2013-06-05","Open":17.99,"High":18.1,"Low":17.35,"Close":17.559999,"Adj Close":15.706377,"Volume":10279700}