{"Date":"2014-04-08","Open":33.900002,"High":34.279999,"Low":32.41,"Close":33.509998,"Adj Close":30.184938,"Volume":16158400}