{"Date":"2014-03-04","Open":33.5,"High":34.720001,"Low":33.490002,"Close":34.450001,"Adj Close":31.031666,"Volume":13583500}