{"Date":"2013-03-19","Open":16.42,"High":16.73,"Low":16.299999,"Close":16.540001,"Adj Close":14.794045,"Volume":9146200}