{"Date":"2014-07-23","Open":37.779999,"High":39.299999,"Low":37.759998,"Close":39.150002,"Adj Close":35.321537,"Volume":18509000}