{"Date":"2014-07-29","Open":38.25,"High":38.619999,"Low":37.639999,"Close":37.68,"Adj Close":33.995289,"Volume":11423000}