{"Date":"2015-02-23","Open":47.970001,"High":48.27,"Low":46.860001,"Close":47.189999,"Adj Close":42.858463,"Volume":12104600}