{"Date":"2014-05-13","Open":38.52,"High":39.110001,"Low":38.369999,"Close":38.779999,"Adj Close":34.98772,"Volume":6636500}