{"Date":"2014-11-28","Open":46.389999,"High":47.189999,"Low":46.080002,"Close":46.669998,"Adj Close":42.300968,"Volume":16204600}