{"Date":"2013-03-18","Open":15.83,"High":16.379999,"Low":15.76,"Close":16.27,"Adj Close":14.552546,"Volume":8001000}