{"Date":"2013-08-08","Open":21.24,"High":21.35,"Low":20.98,"Close":21.059999,"Adj Close":18.890944,"Volume":6645500}