{"Date":"2013-11-11","Open":27.190001,"High":27.559999,"Low":27.129999,"Close":27.469999,"Adj Close":24.696245,"Volume":7869200}