{"Date":"2014-07-21","Open":37.02,"High":37.220001,"Low":36.59,"Close":37.150002,"Adj Close":33.517117,"Volume":6598100}