{"Date":"2014-07-14","Open":37.580002,"High":37.75,"Low":37.299999,"Close":37.380001,"Adj Close":33.724625,"Volume":8388500}