{"Date":"2014-08-27","Open":40.049999,"High":40.330002,"Low":39.849998,"Close":40.16,"Adj Close":36.32299,"Volume":7529000}