{"Date":"2008-02-14","Open":17.9,"High":17.9,"Low":16.809999,"Close":17.049999,"Adj Close":15.250208,"Volume":4152400}