{"Date":"2013-04-26","Open":16.35,"High":16.870001,"Low":16.18,"Close":16.809999,"Adj Close":15.035543,"Volume":11495100}