{"Date":"2014-02-06","Open":30.01,"High":31.34,"Low":29.809999,"Close":30.889999,"Adj Close":27.770914,"Volume":9460400}