{"Date":"2013-09-30","Open":23.16,"High":23.690001,"Low":22.709999,"Close":23.59,"Adj Close":21.160364,"Volume":10827400}