{"Date":"2007-05-23","Open":19.5,"High":19.700001,"Low":19.1,"Close":19.209999,"Adj Close":17.182199,"Volume":2387100}