{"Date":"2014-03-03","Open":32.389999,"High":32.73,"Low":31.9,"Close":32.59,"Adj Close":29.356228,"Volume":14410000}