{"Date":"2014-08-11","Open":37.0,"High":37.25,"Low":36.330002,"Close":36.689999,"Adj Close":33.184536,"Volume":10172900}