{"Date":"2014-02-28","Open":32.93,"High":33.450001,"Low":32.66,"Close":33.209999,"Adj Close":29.914707,"Volume":10860700}