{"Date":"2013-08-20","Open":19.309999,"High":19.48,"Low":18.98,"Close":19.190001,"Adj Close":17.213539,"Volume":13639200}