{"Date":"2013-04-23","Open":14.93,"High":16.75,"Low":14.84,"Close":16.719999,"Adj Close":14.955047,"Volume":28073700}