{"Date":"2014-07-18","Open":36.950001,"High":37.669998,"Low":36.860001,"Close":37.18,"Adj Close":33.544178,"Volume":10546500}