{"Date":"2013-12-05","Open":27.629999,"High":28.01,"Low":27.620001,"Close":27.940001,"Adj Close":25.11879,"Volume":13599600}