{"Date":"2014-11-17","Open":43.66,"High":44.189999,"Low":43.380001,"Close":43.43,"Adj Close":39.364285,"Volume":7967400}