{"Date":"2007-10-02","Open":18.4,"High":19.0,"Low":18.370001,"Close":18.98,"Adj Close":16.976482,"Volume":2982300}