{"Date":"2014-06-05","Open":42.470001,"High":42.66,"Low":41.48,"Close":41.5,"Adj Close":37.44173,"Volume":15651100}