{"Date":"2013-08-13","Open":21.139999,"High":21.309999,"Low":18.530001,"Close":19.549999,"Adj Close":17.536461,"Volume":71984800}