{"Date":"2007-10-11","Open":19.639999,"High":19.68,"Low":19.24,"Close":19.389999,"Adj Close":17.343208,"Volume":2948600}