{"Date":"2007-11-15","Open":19.52,"High":20.459999,"Low":19.16,"Close":19.84,"Adj Close":17.745697,"Volume":8292100}