{"Date":"2013-07-30","Open":21.48,"High":21.5,"Low":20.98,"Close":21.190001,"Adj Close":18.953192,"Volume":7459800}