{"Date":"2014-10-29","Open":39.720001,"High":39.830002,"Low":38.849998,"Close":39.580002,"Adj Close":35.798412,"Volume":13198100}