{"Date":"2014-08-04","Open":37.639999,"High":38.0,"Low":36.450001,"Close":37.279999,"Adj Close":33.634396,"Volume":11250600}