{"Date":"2014-10-30","Open":39.639999,"High":39.82,"Low":38.830002,"Close":39.139999,"Adj Close":35.400444,"Volume":14630500}