{"Date":"2013-07-31","Open":21.33,"High":21.440001,"Low":21.129999,"Close":21.23,"Adj Close":18.988976,"Volume":5684600}