{"Date":"2013-07-02","Open":19.360001,"High":19.42,"Low":18.66,"Close":18.99,"Adj Close":16.985422,"Volume":8702000}