{"Date":"2013-10-01","Open":23.68,"High":24.219999,"Low":23.629999,"Close":24.209999,"Adj Close":21.716511,"Volume":15105900}