{"Date":"2013-06-17","Open":18.969999,"High":19.049999,"Low":18.59,"Close":18.82,"Adj Close":16.83337,"Volume":8832100}