{"Date":"2014-03-11","Open":35.060001,"High":35.450001,"Low":34.77,"Close":34.919998,"Adj Close":31.455025,"Volume":9975900}