{"Date":"2014-03-05","Open":34.849998,"High":35.150002,"Low":34.610001,"Close":34.720001,"Adj Close":31.27487,"Volume":11323000}