{"Date":"2014-11-13","Open":43.580002,"High":44.41,"Low":43.459999,"Close":44.080002,"Adj Close":39.953445,"Volume":11268900}