{"Date":"2013-12-13","Open":28.4,"High":28.780001,"Low":28.25,"Close":28.370001,"Adj Close":25.505371,"Volume":11055000}