{"Date":"2014-01-16","Open":31.459999,"High":31.73,"Low":31.33,"Close":31.58,"Adj Close":28.391249,"Volume":7461700}