{"Date":"2014-07-03","Open":38.349998,"High":38.959999,"Low":38.290001,"Close":38.599998,"Adj Close":34.825314,"Volume":8751600}