{"Date":"2013-07-16","Open":19.5,"High":19.59,"Low":19.200001,"Close":19.290001,"Adj Close":17.253761,"Volume":5463500}