{"Date":"2013-10-28","Open":26.42,"High":26.440001,"Low":25.98,"Close":26.139999,"Adj Close":23.447733,"Volume":9529800}