{"Date":"2014-01-23","Open":32.549999,"High":32.689999,"Low":32.099998,"Close":32.5,"Adj Close":29.218348,"Volume":13397300}