{"Date":"2013-09-12","Open":22.33,"High":22.440001,"Low":22.08,"Close":22.17,"Adj Close":19.88662,"Volume":26098900}