{"Date":"2013-03-14","Open":16.34,"High":16.48,"Low":16.17,"Close":16.280001,"Adj Close":14.561493,"Volume":9249800}