{"Date":"2015-02-19","Open":46.860001,"High":47.389999,"Low":45.84,"Close":45.919998,"Adj Close":41.70504,"Volume":14676200}