{"Date":"2013-07-29","Open":21.82,"High":22.01,"Low":21.219999,"Close":21.32,"Adj Close":19.069471,"Volume":7833700}