{"Date":"2013-10-16","Open":24.18,"High":24.51,"Low":23.879999,"Close":24.42,"Adj Close":21.904879,"Volume":10759400}