{"Date":"2015-03-18","Open":46.75,"High":46.779999,"Low":45.41,"Close":45.810001,"Adj Close":41.605133,"Volume":19021400}