{"Date":"2007-10-26","Open":20.25,"High":20.290001,"Low":19.41,"Close":19.74,"Adj Close":17.656258,"Volume":2171200}