{"Date":"2014-01-30","Open":30.450001,"High":30.870001,"Low":30.280001,"Close":30.58,"Adj Close":27.492224,"Volume":10021000}