{"Date":"2015-01-20","Open":47.009998,"High":49.290001,"Low":46.91,"Close":49.169998,"Adj Close":44.566933,"Volume":21172700}