{"Date":"2013-06-06","Open":17.5,"High":17.790001,"Low":16.940001,"Close":17.49,"Adj Close":15.643765,"Volume":12921100}