{"Date":"2014-04-04","Open":35.689999,"High":35.700001,"Low":34.48,"Close":34.610001,"Adj Close":31.175797,"Volume":9353600}