{"Date":"2014-05-02","Open":37.110001,"High":37.470001,"Low":36.560001,"Close":37.23,"Adj Close":33.535824,"Volume":9365600}