{"Date":"2013-06-18","Open":18.799999,"High":19.049999,"Low":18.639999,"Close":18.969999,"Adj Close":16.967535,"Volume":5265200}