{"Date":"2007-11-28","Open":17.67,"High":19.02,"Low":17.450001,"Close":18.77,"Adj Close":16.788647,"Volume":5421900}