{"Date":"2013-03-12","Open":16.200001,"High":16.299999,"Low":15.97,"Close":16.030001,"Adj Close":14.337884,"Volume":9592100}