{"Date":"2013-08-19","Open":19.77,"High":19.790001,"Low":19.01,"Close":19.129999,"Adj Close":17.159723,"Volume":8353200}