{"Date":"2013-11-14","Open":27.889999,"High":28.190001,"Low":27.68,"Close":27.940001,"Adj Close":25.11879,"Volume":10551900}