{"Date":"2014-11-07","Open":42.950001,"High":43.0,"Low":42.419998,"Close":42.689999,"Adj Close":38.693554,"Volume":10192800}