{"Date":"2013-10-02","Open":24.549999,"High":24.77,"Low":24.110001,"Close":24.25,"Adj Close":21.752392,"Volume":21639200}