{"Date":"2014-08-21","Open":40.610001,"High":40.77,"Low":39.880001,"Close":39.91,"Adj Close":36.096886,"Volume":8285700}