{"Date":"2015-01-26","Open":50.23,"High":50.830002,"Low":49.950001,"Close":50.150002,"Adj Close":45.455196,"Volume":9386200}