{"Date":"2007-12-05","Open":18.65,"High":18.77,"Low":18.219999,"Close":18.299999,"Adj Close":16.368258,"Volume":2176400}