{"Date":"2013-05-03","Open":17.719999,"High":18.309999,"Low":17.68,"Close":17.959999,"Adj Close":16.064148,"Volume":17308400}