{"Date":"2013-09-13","Open":22.200001,"High":22.59,"Low":22.15,"Close":22.469999,"Adj Close":20.15572,"Volume":15015300}