{"Date":"2014-09-03","Open":39.490002,"High":39.799999,"Low":38.369999,"Close":38.82,"Adj Close":35.111027,"Volume":24332900}