{"Date":"2014-07-08","Open":35.599998,"High":36.740002,"Low":34.77,"Close":36.439999,"Adj Close":32.876545,"Volume":43293800}