{"Date":"2014-12-05","Open":46.860001,"High":47.630001,"Low":46.779999,"Close":47.279999,"Adj Close":42.85387,"Volume":15045100}