{"Date":"2013-03-22","Open":17.030001,"High":17.040001,"Low":16.59,"Close":16.709999,"Adj Close":14.946101,"Volume":10148700}