{"Date":"2007-10-17","Open":20.360001,"High":20.559999,"Low":20.030001,"Close":20.4,"Adj Close":18.246588,"Volume":5631600}