{"Date":"2014-02-26","Open":33.459999,"High":33.75,"Low":33.09,"Close":33.509998,"Adj Close":30.184938,"Volume":11732700}