{"Date":"2007-11-20","Open":18.73,"High":18.85,"Low":17.030001,"Close":17.450001,"Adj Close":15.607985,"Volume":5969900}