{"Date":"2013-09-27","Open":23.379999,"High":23.950001,"Low":23.1,"Close":23.57,"Adj Close":21.142426,"Volume":16040400}