{"Date":"2007-05-17","Open":18.799999,"High":19.75,"Low":18.67,"Close":19.02,"Adj Close":17.012262,"Volume":8979000}