{"Date":"2014-09-17","Open":39.52,"High":39.91,"Low":38.759998,"Close":38.939999,"Adj Close":35.219563,"Volume":10551900}