{"Date":"2014-06-16","Open":38.599998,"High":39.139999,"Low":38.25,"Close":38.84,"Adj Close":35.041855,"Volume":14132500}