{"Date":"2014-06-02","Open":40.139999,"High":40.950001,"Low":39.759998,"Close":40.77,"Adj Close":36.783119,"Volume":10306700}