{"Date":"2014-08-28","Open":39.91,"High":40.130001,"Low":39.549999,"Close":39.889999,"Adj Close":36.078796,"Volume":5722800}