{"Date":"2013-06-27","Open":18.48,"High":18.700001,"Low":18.25,"Close":18.690001,"Adj Close":16.717091,"Volume":4852600}