{"Date":"2007-10-10","Open":19.25,"High":19.690001,"Low":19.219999,"Close":19.629999,"Adj Close":17.557867,"Volume":2415800}