{"Date":"2013-06-19","Open":18.99,"High":19.040001,"Low":18.690001,"Close":18.690001,"Adj Close":16.717091,"Volume":4749700}