{"Date":"2013-10-18","Open":24.969999,"High":25.18,"Low":24.82,"Close":25.01,"Adj Close":22.434118,"Volume":11466700}