{"Date":"2014-10-03","Open":35.970001,"High":37.139999,"Low":35.959999,"Close":36.950001,"Adj Close":33.419704,"Volume":15957100}