{"Date":"2014-10-07","Open":35.650002,"High":35.82,"Low":35.029999,"Close":35.27,"Adj Close":31.900213,"Volume":16028000}