{"Date":"2015-03-09","Open":43.869999,"High":44.720001,"Low":43.799999,"Close":44.57,"Adj Close":40.478958,"Volume":8415200}