{"Date":"2007-12-11","Open":18.34,"High":18.34,"Low":16.959999,"Close":17.030001,"Adj Close":15.232325,"Volume":3213700}