{"Date":"2013-12-06","Open":28.370001,"High":28.68,"Low":28.110001,"Close":28.23,"Adj Close":25.379513,"Volume":11333300}