{"Date":"2014-08-06","Open":35.77,"High":36.330002,"Low":35.349998,"Close":36.02,"Adj Close":32.578541,"Volume":12689800}