{"Date":"2014-06-04","Open":41.290001,"High":42.349998,"Low":40.77,"Close":42.169998,"Adj Close":38.046211,"Volume":13825900}