{"Date":"2014-09-04","Open":39.220001,"High":39.5,"Low":38.82,"Close":39.290001,"Adj Close":35.536129,"Volume":12810300}