{"Date":"2014-12-16","Open":47.900002,"High":48.0,"Low":45.34,"Close":45.380001,"Adj Close":41.131748,"Volume":19653600}