{"Date":"2013-07-03","Open":18.73,"High":18.9,"Low":18.299999,"Close":18.41,"Adj Close":16.466644,"Volume":6578000}