{"Date":"2014-05-14","Open":38.639999,"High":38.860001,"Low":38.189999,"Close":38.439999,"Adj Close":34.680973,"Volume":8417700}