{"Date":"2013-08-15","Open":19.08,"High":19.75,"Low":18.950001,"Close":19.530001,"Adj Close":17.518524,"Volume":17556800}