{"Date":"2013-10-07","Open":24.950001,"High":25.09,"Low":24.809999,"Close":24.85,"Adj Close":22.290596,"Volume":8462700}