{"Date":"2014-07-16","Open":38.330002,"High":38.41,"Low":37.73,"Close":37.869999,"Adj Close":34.16671,"Volume":9148100}