{"Date":"2013-06-10","Open":18.469999,"High":18.690001,"Low":18.209999,"Close":18.59,"Adj Close":16.627651,"Volume":7801700}