{"Date":"2014-04-30","Open":36.810001,"High":37.18,"Low":36.299999,"Close":36.830002,"Adj Close":33.175518,"Volume":11962800}