{"Date":"2013-07-22","Open":20.209999,"High":20.389999,"Low":20.08,"Close":20.370001,"Adj Close":18.219755,"Volume":4967700}