{"Date":"2014-12-18","Open":46.400002,"High":46.950001,"Low":45.68,"Close":46.77,"Adj Close":42.391605,"Volume":12578400}