{"Date":"2014-02-10","Open":31.75,"High":31.799999,"Low":30.93,"Close":31.209999,"Adj Close":28.058601,"Volume":10751100}