{"Date":"2015-01-02","Open":49.919998,"High":50.009998,"Low":48.709999,"Close":49.18,"Adj Close":44.575996,"Volume":8637300}