{"Date":"2013-04-24","Open":16.620001,"High":16.75,"Low":16.32,"Close":16.469999,"Adj Close":14.731435,"Volume":11143400}