{"Date":"2008-02-06","Open":16.5,"High":18.559999,"Low":16.5,"Close":17.950001,"Adj Close":16.055212,"Volume":7828300}