{"Date":"2014-10-24","Open":37.990002,"High":39.490002,"Low":37.959999,"Close":39.439999,"Adj Close":35.671787,"Volume":19537200}