{"Date":"2014-05-23","Open":38.77,"High":39.549999,"Low":38.650002,"Close":39.16,"Adj Close":35.330566,"Volume":7091300}