{"Date":"2013-11-01","Open":26.459999,"High":26.940001,"Low":26.049999,"Close":26.700001,"Adj Close":23.95006,"Volume":13682300}