{"Date":"2013-03-27","Open":16.370001,"High":16.76,"Low":16.290001,"Close":16.59,"Adj Close":14.838768,"Volume":7921800}