{"Date":"2014-05-06","Open":38.450001,"High":38.82,"Low":37.459999,"Close":37.689999,"Adj Close":33.950176,"Volume":13277500}