{"Date":"2013-12-31","Open":27.23,"High":27.65,"Low":27.200001,"Close":27.469999,"Adj Close":24.696245,"Volume":9152400}