{"Date":"2014-12-30","Open":48.740002,"High":49.43,"Low":48.619999,"Close":49.23,"Adj Close":44.621326,"Volume":7318900}