{"Date":"2013-06-04","Open":17.969999,"High":18.66,"Low":17.799999,"Close":18.09,"Adj Close":16.180429,"Volume":12083100}