{"Date":"2007-10-15","Open":19.780001,"High":20.0,"Low":19.17,"Close":20.0,"Adj Close":17.888803,"Volume":3955300}