{"Date":"2007-10-24","Open":20.73,"High":21.049999,"Low":20.469999,"Close":20.58,"Adj Close":18.407591,"Volume":3971300}