{"Date":"2015-04-07","Open":42.0,"High":42.450001,"Low":41.610001,"Close":41.639999,"Adj Close":37.817894,"Volume":9166300}