{"Date":"2014-08-15","Open":38.52,"High":38.630001,"Low":37.810001,"Close":38.529999,"Adj Close":34.848732,"Volume":10294100}