{"Date":"2014-04-16","Open":32.220001,"High":33.73,"Low":32.169998,"Close":33.619999,"Adj Close":30.284021,"Volume":14163400}