{"Date":"2013-10-09","Open":24.290001,"High":24.549999,"Low":23.719999,"Close":24.25,"Adj Close":21.752392,"Volume":10944400}