{"Date":"2014-02-25","Open":32.619999,"High":33.5,"Low":32.619999,"Close":33.240002,"Adj Close":29.941732,"Volume":15329800}