{"Date":"2013-05-02","Open":16.870001,"High":17.540001,"Low":16.690001,"Close":17.49,"Adj Close":15.643765,"Volume":16788000}