{"Date":"2014-12-19","Open":46.470001,"High":47.75,"Low":46.450001,"Close":47.380001,"Adj Close":42.944515,"Volume":13059600}