{"Date":"2013-09-05","Open":20.33,"High":20.74,"Low":20.200001,"Close":20.25,"Adj Close":18.164368,"Volume":9206400}