{"Date":"2013-06-21","Open":18.540001,"High":18.66,"Low":17.82,"Close":18.280001,"Adj Close":16.350376,"Volume":10310600}