{"Date":"2013-10-04","Open":24.690001,"High":25.43,"Low":24.549999,"Close":25.190001,"Adj Close":22.595581,"Volume":17398300}