{"Date":"2013-06-12","Open":18.68,"High":18.799999,"Low":18.01,"Close":18.07,"Adj Close":16.162537,"Volume":6379400}