{"Date":"2008-02-15","Open":17.059999,"High":17.559999,"Low":17.030001,"Close":17.32,"Adj Close":15.491707,"Volume":3059700}