{"Date":"2014-08-19","Open":39.73,"High":39.900002,"Low":39.34,"Close":39.540001,"Adj Close":35.762234,"Volume":7092700}