{"Date":"2015-04-02","Open":42.91,"High":43.369999,"Low":42.25,"Close":42.25,"Adj Close":38.371902,"Volume":15554800}