{"Date":"2014-06-11","Open":41.0,"High":41.080002,"Low":39.880001,"Close":40.709999,"Adj Close":36.728981,"Volume":23352200}