{"Date":"2014-10-28","Open":40.07,"High":40.150002,"Low":39.470001,"Close":39.84,"Adj Close":36.033566,"Volume":13212200}