{"Date":"2013-05-07","Open":18.059999,"High":18.15,"Low":17.9,"Close":18.08,"Adj Close":16.171482,"Volume":7301400}