{"Date":"2007-11-01","Open":20.450001,"High":20.860001,"Low":20.15,"Close":20.200001,"Adj Close":18.067701,"Volume":2519000}