{"Date":"2013-07-23","Open":20.459999,"High":20.549999,"Low":20.059999,"Close":20.450001,"Adj Close":18.291309,"Volume":8767800}