{"Date":"2013-10-23","Open":25.440001,"High":25.950001,"Low":25.290001,"Close":25.610001,"Adj Close":22.972321,"Volume":12626900}