{"Date":"2015-03-27","Open":44.380001,"High":45.220001,"Low":44.32,"Close":44.880001,"Adj Close":40.760502,"Volume":7983200}