{"Date":"2014-05-28","Open":39.52,"High":40.689999,"Low":39.490002,"Close":40.27,"Adj Close":36.332005,"Volume":9579300}