{"Date":"2014-03-27","Open":33.900002,"High":34.290001,"Low":32.970001,"Close":34.130001,"Adj Close":30.74342,"Volume":11952200}