{"Date":"2013-06-03","Open":18.120001,"High":18.370001,"Low":17.549999,"Close":17.809999,"Adj Close":15.929987,"Volume":9934100}