{"Date":"2013-09-09","Open":20.85,"High":21.790001,"Low":20.76,"Close":21.76,"Adj Close":19.518847,"Volume":48677200}