{"Date":"2013-12-27","Open":27.860001,"High":27.889999,"Low":26.860001,"Close":27.030001,"Adj Close":24.30068,"Volume":9960200}