{"Date":"2013-07-01","Open":18.799999,"High":19.73,"Low":18.799999,"Close":19.360001,"Adj Close":17.31637,"Volume":13262600}