{"Date":"2007-05-31","Open":19.15,"High":19.280001,"Low":19.030001,"Close":19.049999,"Adj Close":17.039095,"Volume":3435200}