{"Date":"2014-06-18","Open":39.400002,"High":39.82,"Low":39.009998,"Close":39.75,"Adj Close":35.862862,"Volume":10161400}