{"Date":"2014-04-29","Open":36.02,"High":36.75,"Low":35.869999,"Close":36.740002,"Adj Close":33.09444,"Volume":10035400}