{"Date":"2014-09-22","Open":38.639999,"High":38.779999,"Low":37.849998,"Close":37.950001,"Adj Close":34.324142,"Volume":8181900}