{"Date":"2013-05-06","Open":17.99,"High":18.24,"Low":17.77,"Close":18.059999,"Adj Close":16.153595,"Volume":7968700}