{"Date":"2014-10-06","Open":37.32,"High":37.32,"Low":36.07,"Close":36.110001,"Adj Close":32.65995,"Volume":11973500}