{"Date":"2007-10-19","Open":20.040001,"High":20.040001,"Low":19.49,"Close":19.5,"Adj Close":17.441595,"Volume":2029600}