{"Date":"2007-10-31","Open":20.02,"High":20.85,"Low":19.940001,"Close":20.799999,"Adj Close":18.604364,"Volume":4577700}