{"Date":"2014-09-18","Open":39.110001,"High":39.549999,"Low":39.0,"Close":39.439999,"Adj Close":35.671787,"Volume":6511400}