{"Date":"2008-02-11","Open":18.59,"High":18.59,"Low":17.700001,"Close":18.0,"Adj Close":16.099932,"Volume":2770500}