{"Date":"2015-04-10","Open":43.119999,"High":43.529999,"Low":43.040001,"Close":43.23,"Adj Close":39.261959,"Volume":8160300}