{"Date":"2014-04-15","Open":31.799999,"High":32.43,"Low":30.540001,"Close":31.91,"Adj Close":28.743702,"Volume":19269200}