{"Date":"2014-01-06","Open":29.43,"High":29.799999,"Low":29.049999,"Close":29.290001,"Adj Close":26.332479,"Volume":15782700}