{"Date":"2014-05-30","Open":40.139999,"High":40.540001,"Low":39.669998,"Close":39.91,"Adj Close":36.007214,"Volume":7947700}