{"Date":"2014-05-27","Open":39.560001,"High":39.599998,"Low":39.32,"Close":39.459999,"Adj Close":35.601215,"Volume":7278500}