{"Date":"2014-07-07","Open":38.43,"High":38.5,"Low":36.709999,"Close":36.900002,"Adj Close":33.291573,"Volume":19850000}