{"Date":"2013-06-11","Open":18.27,"High":18.73,"Low":18.059999,"Close":18.52,"Adj Close":16.565039,"Volume":8208200}