{"Date":"2013-07-19","Open":20.280001,"High":20.42,"Low":20.030001,"Close":20.290001,"Adj Close":18.148203,"Volume":7419200}