{"Date":"2014-10-21","Open":36.77,"High":37.59,"Low":36.700001,"Close":37.48,"Adj Close":33.899059,"Volume":21351600}