{"Date":"2014-04-03","Open":35.73,"High":36.07,"Low":34.970001,"Close":35.369999,"Adj Close":31.860376,"Volume":8904100}