{"Date":"2014-05-07","Open":37.810001,"High":38.259998,"Low":37.310001,"Close":38.240002,"Adj Close":34.500523,"Volume":10513500}