{"Date":"2013-10-24","Open":25.85,"High":26.469999,"Low":25.67,"Close":26.32,"Adj Close":23.609196,"Volume":18251900}