{"Date":"2007-11-07","Open":18.469999,"High":18.49,"Low":16.959999,"Close":17.450001,"Adj Close":15.607985,"Volume":6915500}