{"Date":"2013-08-26","Open":20.139999,"High":20.549999,"Low":19.85,"Close":20.27,"Adj Close":18.182304,"Volume":10372200}