{"Date":"2008-02-05","Open":16.9,"High":17.77,"Low":16.82,"Close":17.030001,"Adj Close":15.232325,"Volume":3938800}