{"Date":"2007-11-27","Open":18.200001,"High":18.389999,"Low":17.25,"Close":17.559999,"Adj Close":15.706377,"Volume":2609200}