{"Date":"2013-08-12","Open":20.51,"High":21.09,"Low":20.450001,"Close":21.040001,"Adj Close":18.873001,"Volume":8250000}