{"Date":"2013-11-04","Open":27.129999,"High":27.790001,"Low":27.01,"Close":27.440001,"Adj Close":24.669279,"Volume":17463300}