{"Date":"2014-05-20","Open":38.400002,"High":38.450001,"Low":37.470001,"Close":37.830002,"Adj Close":34.130619,"Volume":9062800}