{"Date":"2013-07-18","Open":20.0,"High":20.700001,"Low":20.0,"Close":20.559999,"Adj Close":18.389694,"Volume":15283100}