{"Date":"2014-03-28","Open":34.139999,"High":34.689999,"Low":33.509998,"Close":33.529999,"Adj Close":30.202953,"Volume":10434900}