{"Date":"2015-01-22","Open":49.93,"High":50.810001,"Low":49.18,"Close":50.700001,"Adj Close":45.953709,"Volume":16033200}