{"Date":"2015-03-05","Open":45.470001,"High":45.470001,"Low":44.049999,"Close":44.389999,"Adj Close":40.315487,"Volume":12145300}