{"Date":"2007-12-03","Open":19.75,"High":20.0,"Low":18.940001,"Close":19.58,"Adj Close":17.513147,"Volume":2688900}