{"Date":"2013-10-14","Open":24.200001,"High":24.35,"Low":23.77,"Close":24.110001,"Adj Close":21.62681,"Volume":18373500}