{"Date":"2014-12-12","Open":49.619999,"High":49.619999,"Low":47.650002,"Close":47.68,"Adj Close":43.216431,"Volume":15141600}