{"Date":"2014-05-19","Open":37.68,"High":38.720001,"Low":37.599998,"Close":38.389999,"Adj Close":34.635857,"Volume":6850400}