{"Date":"2013-09-26","Open":23.790001,"High":24.02,"Low":23.639999,"Close":24.01,"Adj Close":21.537107,"Volume":12969100}