{"Date":"2013-10-21","Open":25.200001,"High":25.23,"Low":24.459999,"Close":24.690001,"Adj Close":22.147072,"Volume":12851900}