{"Date":"2014-09-30","Open":36.009998,"High":36.529999,"Low":35.18,"Close":36.150002,"Adj Close":32.696129,"Volume":15101800}