{"Date":"2015-02-27","Open":45.799999,"High":45.869999,"Low":44.5,"Close":44.52,"Adj Close":40.433548,"Volume":15235200}