{"Date":"2015-03-24","Open":46.34,"High":46.43,"Low":46.02,"Close":46.029999,"Adj Close":41.804943,"Volume":9517400}