{"Date":"2014-10-09","Open":35.509998,"High":35.939999,"Low":33.610001,"Close":33.709999,"Adj Close":30.489248,"Volume":28211700}