{"Date":"2007-10-03","Open":19.030001,"High":19.290001,"Low":18.51,"Close":19.280001,"Adj Close":17.244816,"Volume":3078200}