{"Date":"2008-02-01","Open":16.799999,"High":18.639999,"Low":16.440001,"Close":18.530001,"Adj Close":16.573978,"Volume":6948200}