{"Date":"2014-11-11","Open":43.57,"High":44.279999,"Low":43.509998,"Close":43.84,"Adj Close":39.735909,"Volume":11653700}