{"Date":"2013-11-05","Open":27.700001,"High":27.709999,"Low":27.120001,"Close":27.459999,"Adj Close":24.68726,"Volume":13766200}