{"Date":"2008-02-07","Open":18.74,"High":18.99,"Low":17.940001,"Close":18.49,"Adj Close":16.538202,"Volume":5527600}