{"Date":"2014-01-10","Open":31.190001,"High":31.48,"Low":30.66,"Close":31.469999,"Adj Close":28.292353,"Volume":13196400}