{"Date":"2015-01-29","Open":48.669998,"High":50.349998,"Low":48.200001,"Close":50.209999,"Adj Close":45.509571,"Volume":9764600}