{"Date":"2013-05-22","Open":18.200001,"High":18.51,"Low":18.1,"Close":18.18,"Adj Close":16.260927,"Volume":10284700}