{"Date":"2014-10-14","Open":31.709999,"High":33.27,"Low":31.280001,"Close":32.790001,"Adj Close":29.657152,"Volume":27229100}