{"Date":"2014-11-20","Open":44.0,"High":44.639999,"Low":43.700001,"Close":43.959999,"Adj Close":39.844669,"Volume":9076900}