{"Date":"2007-09-28","Open":17.6,"High":17.959999,"Low":17.27,"Close":17.950001,"Adj Close":16.055212,"Volume":1505000}