{"Date":"2014-10-20","Open":35.509998,"High":36.130001,"Low":35.009998,"Close":36.040001,"Adj Close":32.596634,"Volume":19943900}