{"Date":"2014-08-29","Open":40.0,"High":40.049999,"Low":39.299999,"Close":39.580002,"Adj Close":35.798412,"Volume":6721900}