{"Date":"2013-11-13","Open":28.110001,"High":28.219999,"Low":27.58,"Close":27.790001,"Adj Close":24.983936,"Volume":11977300}