{"Date":"2013-11-25","Open":29.0,"High":29.389999,"Low":28.719999,"Close":29.17,"Adj Close":26.224592,"Volume":14535700}