{"Date":"2014-12-23","Open":47.720001,"High":47.77,"Low":46.389999,"Close":47.130001,"Adj Close":42.717911,"Volume":6606300}