{"Date":"2014-05-29","Open":40.32,"High":40.650002,"Low":39.639999,"Close":40.139999,"Adj Close":36.214729,"Volume":9408900}