{"Date":"2015-02-06","Open":45.970001,"High":46.68,"Low":45.290001,"Close":45.509998,"Adj Close":41.249569,"Volume":10884000}