{"Date":"2014-11-19","Open":44.330002,"High":44.950001,"Low":43.860001,"Close":44.450001,"Adj Close":40.288788,"Volume":9762100}