{"Date":"2013-08-05","Open":21.85,"High":21.959999,"Low":21.57,"Close":21.709999,"Adj Close":19.418304,"Volume":4653900}