{"Date":"2014-11-12","Open":43.400002,"High":43.790001,"Low":42.900002,"Close":43.400002,"Adj Close":39.337097,"Volume":9505800}