{"Date":"2015-03-26","Open":43.139999,"High":44.349998,"Low":42.599998,"Close":44.09,"Adj Close":40.043015,"Volume":15909700}