{"Date":"2014-01-22","Open":32.380001,"High":32.919998,"Low":32.279999,"Close":32.84,"Adj Close":29.524015,"Volume":11534900}