{"Date":"2014-10-15","Open":31.08,"High":33.5,"Low":30.43,"Close":32.380001,"Adj Close":29.286329,"Volume":37245100}