{"Date":"2007-05-24","Open":19.209999,"High":19.33,"Low":18.85,"Close":19.02,"Adj Close":17.012262,"Volume":2362000}