{"Date":"2015-02-24","Open":46.900002,"High":48.27,"Low":46.400002,"Close":48.029999,"Adj Close":43.621368,"Volume":12044300}