{"Date":"2014-01-28","Open":30.58,"High":31.51,"Low":30.540001,"Close":30.9,"Adj Close":27.779909,"Volume":11917500}