{"Date":"2013-10-11","Open":24.58,"High":24.790001,"Low":24.17,"Close":24.4,"Adj Close":21.886944,"Volume":12404400}