{"Date":"2013-03-28","Open":16.690001,"High":16.940001,"Low":16.469999,"Close":16.51,"Adj Close":14.767213,"Volume":10119400}