{"Date":"2014-12-31","Open":49.580002,"High":50.16,"Low":49.099998,"Close":49.189999,"Adj Close":44.585064,"Volume":7772200}