{"Date":"2013-09-06","Open":20.51,"High":20.610001,"Low":19.75,"Close":19.889999,"Adj Close":17.841446,"Volume":12276100}