{"Date":"2014-01-27","Open":31.219999,"High":31.59,"Low":29.66,"Close":30.59,"Adj Close":27.501213,"Volume":19140400}