{"Date":"2014-07-10","Open":36.200001,"High":37.689999,"Low":36.080002,"Close":37.450001,"Adj Close":33.787781,"Volume":16116000}