{"Date":"2014-06-09","Open":42.349998,"High":42.470001,"Low":41.580002,"Close":41.869999,"Adj Close":37.775547,"Volume":9511500}