{"Date":"2014-04-25","Open":36.5,"High":36.610001,"Low":35.779999,"Close":36.07,"Adj Close":32.490921,"Volume":10323800}