{"Date":"2014-01-15","Open":32.299999,"High":32.299999,"Low":31.08,"Close":31.5,"Adj Close":28.319324,"Volume":18087100}