{"Date":"2014-09-10","Open":38.959999,"High":39.549999,"Low":38.700001,"Close":39.549999,"Adj Close":35.771282,"Volume":9198600}