{"Date":"2013-11-07","Open":27.01,"High":27.389999,"Low":26.6,"Close":26.68,"Adj Close":23.986017,"Volume":13309400}