{"Date":"2013-10-30","Open":26.59,"High":26.719999,"Low":26.0,"Close":26.48,"Adj Close":23.752716,"Volume":12238300}