{"Date":"2014-01-24","Open":32.029999,"High":32.310001,"Low":30.959999,"Close":31.110001,"Adj Close":27.968706,"Volume":14874200}