{"Date":"2013-05-28","Open":19.120001,"High":19.25,"Low":18.48,"Close":18.719999,"Adj Close":16.743923,"Volume":9908300}