{"Date":"2015-03-31","Open":45.580002,"High":45.619999,"Low":44.66,"Close":44.959999,"Adj Close":40.833153,"Volume":9679100}