{"Date":"2014-03-18","Open":34.490002,"High":34.580002,"Low":34.049999,"Close":34.07,"Adj Close":30.689371,"Volume":8857900}