{"Date":"2014-08-20","Open":39.619999,"High":40.619999,"Low":39.599998,"Close":40.52,"Adj Close":36.648605,"Volume":9484200}