{"Date":"2015-01-30","Open":49.330002,"High":49.799999,"Low":47.009998,"Close":47.310001,"Adj Close":42.881062,"Volume":17133900}