{"Date":"2013-08-06","Open":21.709999,"High":21.75,"Low":20.969999,"Close":20.98,"Adj Close":18.765362,"Volume":6922300}