{"Date":"2008-02-12","Open":18.0,"High":18.129999,"Low":17.059999,"Close":17.530001,"Adj Close":15.679543,"Volume":3576100}