{"Date":"2013-12-12","Open":27.77,"High":28.42,"Low":27.75,"Close":28.209999,"Adj Close":25.361528,"Volume":11555900}