{"Date":"2007-11-23","Open":18.25,"High":18.559999,"Low":18.040001,"Close":18.15,"Adj Close":16.234091,"Volume":1118600}