{"Date":"2014-11-05","Open":42.779999,"High":42.779999,"Low":41.48,"Close":41.869999,"Adj Close":37.950325,"Volume":13025000}