{"Date":"2014-08-13","Open":36.689999,"High":37.5,"Low":36.57,"Close":37.27,"Adj Close":33.709118,"Volume":7328900}