{"Date":"2014-07-02","Open":38.959999,"High":39.0,"Low":38.029999,"Close":38.240002,"Adj Close":34.500523,"Volume":29005300}