{"Date":"2007-12-04","Open":18.65,"High":18.98,"Low":17.860001,"Close":18.610001,"Adj Close":16.645536,"Volume":6339900}