{"Date":"2014-12-17","Open":45.52,"High":46.41,"Low":44.299999,"Close":46.169998,"Adj Close":41.847778,"Volume":17268400}