{"Date":"2013-08-30","Open":19.700001,"High":20.15,"Low":19.58,"Close":19.73,"Adj Close":17.697931,"Volume":12920000}