{"Date":"2015-03-30","Open":45.34,"High":45.900002,"Low":45.34,"Close":45.560001,"Adj Close":41.37809,"Volume":8325800}