{"Date":"2014-07-30","Open":37.82,"High":38.130001,"Low":37.5,"Close":37.84,"Adj Close":34.139637,"Volume":10040400}