{"Date":"2014-05-05","Open":37.009998,"High":37.700001,"Low":36.630001,"Close":37.549999,"Adj Close":33.824062,"Volume":8766600}