{"Date":"2013-03-08","Open":16.139999,"High":16.4,"Low":15.81,"Close":16.24,"Adj Close":14.525714,"Volume":18025800}