{"Date":"2014-05-22","Open":38.369999,"High":38.849998,"Low":38.290001,"Close":38.630001,"Adj Close":34.852394,"Volume":6668400}