{"Date":"2014-04-07","Open":34.509998,"High":35.369999,"Low":33.689999,"Close":33.990002,"Adj Close":30.61731,"Volume":13775500}