{"Date":"2013-09-25","Open":23.799999,"High":23.84,"Low":23.200001,"Close":23.809999,"Adj Close":21.35771,"Volume":11788300}