{"Date":"2007-09-26","Open":17.15,"High":17.950001,"Low":16.950001,"Close":17.870001,"Adj Close":15.983652,"Volume":4915600}