{"Date":"2014-01-13","Open":31.77,"High":31.780001,"Low":30.870001,"Close":30.92,"Adj Close":27.797886,"Volume":15114200}