{"Date":"2013-07-12","Open":18.879999,"High":19.389999,"Low":18.790001,"Close":19.290001,"Adj Close":17.253761,"Volume":8801100}