{"Date":"2008-01-29","Open":16.16,"High":16.549999,"Low":15.83,"Close":16.01,"Adj Close":14.319993,"Volume":4795200}