{"Date":"2013-08-07","Open":20.950001,"High":21.09,"Low":20.51,"Close":20.98,"Adj Close":18.819185,"Volume":5775400}