{"Date":"2015-03-12","Open":44.130001,"High":45.400002,"Low":44.07,"Close":45.330002,"Adj Close":41.169197,"Volume":9284900}