{"Date":"2014-06-19","Open":39.830002,"High":40.34,"Low":39.419998,"Close":39.619999,"Adj Close":35.745575,"Volume":10209500}