{"Date":"2007-11-19","Open":19.5,"High":19.75,"Low":18.889999,"Close":19.01,"Adj Close":17.003317,"Volume":3604800}