{"Date":"2013-08-29","Open":19.620001,"High":20.0,"Low":19.33,"Close":19.639999,"Adj Close":17.617186,"Volume":12982100}