{"Date":"2007-10-16","Open":20.25,"High":20.5,"Low":19.299999,"Close":20.08,"Adj Close":17.960369,"Volume":7945800}