{"Date":"2015-01-23","Open":50.349998,"High":51.060001,"Low":50.060001,"Close":50.560001,"Adj Close":45.826805,"Volume":8613600}