{"Date":"2013-05-01","Open":17.26,"High":17.549999,"Low":16.68,"Close":16.84,"Adj Close":15.062376,"Volume":13514600}