{"Date":"2008-02-08","Open":18.030001,"High":18.5,"Low":17.99,"Close":18.190001,"Adj Close":16.269869,"Volume":5579200}