{"Date":"2008-01-17","Open":16.1,"High":16.469999,"Low":14.68,"Close":15.19,"Adj Close":13.586548,"Volume":4649600}