{"Date":"2014-02-20","Open":30.58,"High":31.889999,"Low":30.549999,"Close":31.84,"Adj Close":28.680649,"Volume":12151100}