{"Date":"2014-01-07","Open":29.440001,"High":29.66,"Low":28.59,"Close":28.780001,"Adj Close":25.873978,"Volume":13041100}