{"Date":"2014-05-15","Open":38.080002,"High":38.360001,"Low":37.330002,"Close":38.130001,"Adj Close":34.401283,"Volume":11211400}