{"Date":"2014-02-04","Open":30.0,"High":30.030001,"Low":29.26,"Close":29.940001,"Adj Close":26.916843,"Volume":14439900}