{"Date":"2007-11-05","Open":19.799999,"High":20.09,"Low":19.27,"Close":19.51,"Adj Close":17.450539,"Volume":1633800}