{"Date":"2008-01-15","Open":15.35,"High":16.440001,"Low":15.3,"Close":15.98,"Adj Close":14.29316,"Volume":6826300}