{"Date":"2015-01-15","Open":45.09,"High":45.759998,"Low":44.91,"Close":45.049999,"Adj Close":40.832634,"Volume":8532400}