{"Date":"2014-02-11","Open":31.299999,"High":31.440001,"Low":30.620001,"Close":31.41,"Adj Close":28.238411,"Volume":12510900}