{"Date":"2014-03-10","Open":35.34,"High":35.82,"Low":34.709999,"Close":35.169998,"Adj Close":31.68022,"Volume":10695400}