{"Date":"2013-09-11","Open":22.43,"High":22.709999,"Low":22.299999,"Close":22.42,"Adj Close":20.11087,"Volume":27856100}