{"Date":"2013-07-25","Open":20.969999,"High":21.5,"Low":20.76,"Close":21.48,"Adj Close":19.212584,"Volume":12557300}