{"Date":"2007-11-16","Open":19.91,"High":20.49,"Low":19.26,"Close":19.969999,"Adj Close":17.861979,"Volume":6111800}