{"Date":"2014-11-21","Open":44.169998,"High":44.290001,"Low":42.91,"Close":43.09,"Adj Close":39.056114,"Volume":14747000}