{"Date":"2014-05-09","Open":37.82,"High":37.82,"Low":36.950001,"Close":37.669998,"Adj Close":33.986259,"Volume":9852300}