{"Date":"2014-11-14","Open":43.939999,"High":44.139999,"Low":43.549999,"Close":43.75,"Adj Close":39.654331,"Volume":7982200}