{"Date":"2013-08-09","Open":21.09,"High":21.1,"Low":20.540001,"Close":20.57,"Adj Close":18.451412,"Volume":6656700}