{"Date":"2014-12-24","Open":47.470001,"High":48.16,"Low":47.27,"Close":48.049999,"Adj Close":43.551785,"Volume":4296200}