{"Date":"2007-12-12","Open":17.200001,"High":17.209999,"Low":14.83,"Close":15.74,"Adj Close":14.078491,"Volume":7499400}