{"Date":"2014-03-31","Open":33.75,"High":34.91,"Low":33.75,"Close":34.650002,"Adj Close":31.211826,"Volume":10215900}