{"Date":"2014-03-25","Open":33.459999,"High":34.509998,"Low":33.459999,"Close":34.43,"Adj Close":31.013649,"Volume":11544300}