{"Date":"2014-06-20","Open":39.75,"High":39.970001,"Low":39.41,"Close":39.57,"Adj Close":35.700459,"Volume":11776100}