{"Date":"2013-05-24","Open":18.209999,"High":18.93,"Low":18.209999,"Close":18.93,"Adj Close":16.931759,"Volume":11080300}