{"Date":"2013-10-29","Open":26.34,"High":26.690001,"Low":26.24,"Close":26.35,"Adj Close":23.636101,"Volume":9611200}