{"Date":"2014-03-07","Open":35.720001,"High":35.849998,"Low":34.799999,"Close":35.360001,"Adj Close":31.85137,"Volume":11828800}