{"Date":"2013-06-24","Open":18.09,"High":18.09,"Low":17.290001,"Close":17.360001,"Adj Close":15.527493,"Volume":12095600}