{"Date":"2013-12-11","Open":28.85,"High":29.049999,"Low":27.65,"Close":27.66,"Adj Close":24.867064,"Volume":16735900}