{"Date":"2013-05-14","Open":18.0,"High":18.27,"Low":17.950001,"Close":18.25,"Adj Close":16.323542,"Volume":8452500}