{"Date":"2007-05-30","Open":19.049999,"High":19.15,"Low":18.809999,"Close":18.98,"Adj Close":16.976482,"Volume":2829300}