{"Date":"2013-06-13","Open":18.09,"High":18.799999,"Low":17.91,"Close":18.709999,"Adj Close":16.734987,"Volume":12372400}