{"Date":"2013-06-28","Open":18.610001,"High":18.870001,"Low":18.51,"Close":18.709999,"Adj Close":16.734987,"Volume":7486400}