{"Date":"2015-02-05","Open":46.93,"High":46.98,"Low":45.27,"Close":46.139999,"Adj Close":41.820591,"Volume":11306700}