{"Date":"2013-09-10","Open":22.110001,"High":23.129999,"Low":21.969999,"Close":22.629999,"Adj Close":20.299244,"Volume":206372300}