{"Date":"2014-09-29","Open":36.040001,"High":36.349998,"Low":35.740002,"Close":36.0,"Adj Close":32.560459,"Volume":9684100}