{"Date":"2014-12-26","Open":48.139999,"High":48.599998,"Low":47.84,"Close":48.389999,"Adj Close":43.859959,"Volume":5303100}