{"Date":"2015-03-10","Open":44.360001,"High":44.389999,"Low":43.27,"Close":43.419998,"Adj Close":39.434517,"Volume":9909400}