{"Date":"2014-02-21","Open":31.879999,"High":32.189999,"Low":31.709999,"Close":31.76,"Adj Close":28.608589,"Volume":9632100}