{"Date":"2015-02-09","Open":44.5,"High":44.880001,"Low":43.709999,"Close":44.450001,"Adj Close":40.288788,"Volume":14027000}