{"Date":"2014-09-23","Open":37.720001,"High":38.189999,"Low":37.07,"Close":37.700001,"Adj Close":34.098038,"Volume":11913900}