{"Date":"2007-10-29","Open":19.59,"High":20.360001,"Low":19.5,"Close":19.85,"Adj Close":17.754646,"Volume":1893500}