{"Date":"2014-11-03","Open":40.279999,"High":40.740002,"Low":40.23,"Close":40.610001,"Adj Close":36.730003,"Volume":10764800}