{"Date":"2007-11-14","Open":18.700001,"High":21.1,"Low":17.870001,"Close":19.52,"Adj Close":17.459482,"Volume":17352700}