{"Date":"2013-09-04","Open":20.17,"High":20.440001,"Low":20.0,"Close":20.309999,"Adj Close":18.218187,"Volume":12499200}