{"Date":"2007-10-18","Open":20.35,"High":20.4,"Low":19.790001,"Close":19.959999,"Adj Close":17.853029,"Volume":2480600}