{"Date":"2015-01-13","Open":46.68,"High":47.75,"Low":45.959999,"Close":46.610001,"Adj Close":42.24659,"Volume":12499100}