{"Date":"2013-08-27","Open":19.620001,"High":19.66,"Low":18.85,"Close":19.110001,"Adj Close":17.141783,"Volume":19939000}