{"Date":"2015-02-04","Open":46.549999,"High":47.450001,"Low":46.43,"Close":46.959999,"Adj Close":42.563824,"Volume":12204300}