{"Date":"2014-08-18","Open":38.919998,"High":39.779999,"Low":38.810001,"Close":39.509998,"Adj Close":35.7351,"Volume":9095000}