{"Date":"2013-11-29","Open":29.42,"High":29.440001,"Low":28.860001,"Close":28.98,"Adj Close":26.053776,"Volume":5589100}