{"Date":"2007-11-06","Open":19.5,"High":19.85,"Low":18.120001,"Close":18.51,"Adj Close":16.556091,"Volume":3132100}