{"Date":"2014-01-09","Open":30.540001,"High":31.58,"Low":30.4,"Close":31.059999,"Adj Close":27.923754,"Volume":18690400}