{"Date":"2013-11-08","Open":26.639999,"High":27.629999,"Low":26.620001,"Close":26.889999,"Adj Close":24.174814,"Volume":17707900}