{"Date":"2013-09-03","Open":20.049999,"High":20.450001,"Low":19.57,"Close":19.84,"Adj Close":17.796595,"Volume":16288300}