{"Date":"2013-05-13","Open":18.08,"High":18.18,"Low":17.780001,"Close":17.889999,"Adj Close":16.001541,"Volume":8181700}