{"Date":"2014-09-08","Open":39.419998,"High":39.799999,"Low":39.02,"Close":39.040001,"Adj Close":35.310013,"Volume":9095800}