{"Date":"2013-11-20","Open":27.99,"High":28.08,"Low":27.42,"Close":27.709999,"Adj Close":24.912018,"Volume":12442400}