{"Date":"2015-02-02","Open":47.099998,"High":47.16,"Low":44.810001,"Close":46.509998,"Adj Close":42.155949,"Volume":20909800}