{"Date":"2014-02-18","Open":31.360001,"High":31.59,"Low":30.92,"Close":30.92,"Adj Close":27.797886,"Volume":10427800}