{"Date":"2015-03-06","Open":44.310001,"High":44.720001,"Low":43.630001,"Close":43.779999,"Adj Close":39.761467,"Volume":7527200}