{"Date":"2015-01-27","Open":49.290001,"High":49.900002,"Low":48.91,"Close":49.18,"Adj Close":44.575996,"Volume":9786600}