{"Date":"2013-12-20","Open":27.559999,"High":27.91,"Low":27.32,"Close":27.549999,"Adj Close":24.768173,"Volume":18881100}