{"Date":"2013-12-18","Open":26.860001,"High":27.23,"Low":26.4,"Close":27.110001,"Adj Close":24.372602,"Volume":16441500}