{"Date":"2014-09-15","Open":39.639999,"High":39.849998,"Low":39.150002,"Close":39.200001,"Adj Close":35.454723,"Volume":6750500}