{"Date":"2014-09-11","Open":39.700001,"High":39.990002,"Low":39.150002,"Close":39.560001,"Adj Close":35.780327,"Volume":9353400}