{"Date":"2007-05-21","Open":19.200001,"High":19.34,"Low":19.0,"Close":19.0,"Adj Close":16.994368,"Volume":2077700}