{"Date":"2014-03-19","Open":34.099998,"High":34.32,"Low":33.330002,"Close":33.73,"Adj Close":30.38311,"Volume":9846200}