{"Date":"2015-03-19","Open":46.360001,"High":47.349998,"Low":46.349998,"Close":47.259998,"Adj Close":42.922031,"Volume":16818100}