{"Date":"2014-10-22","Open":37.66,"High":37.860001,"Low":37.25,"Close":37.299999,"Adj Close":33.736256,"Volume":16448900}