{"Date":"2014-06-25","Open":38.509998,"High":39.5,"Low":38.040001,"Close":39.349998,"Adj Close":35.50198,"Volume":8944000}