{"Date":"2013-08-02","Open":21.969999,"High":22.02,"Low":21.74,"Close":21.950001,"Adj Close":19.632971,"Volume":6716700}