{"Date":"2014-02-03","Open":30.639999,"High":30.799999,"Low":29.219999,"Close":29.379999,"Adj Close":26.413389,"Volume":16778900}