{"Date":"2013-05-17","Open":18.73,"High":18.950001,"Low":18.440001,"Close":18.540001,"Adj Close":16.582933,"Volume":10414800}