{"Date":"2015-01-09","Open":48.330002,"High":48.5,"Low":46.790001,"Close":46.880001,"Adj Close":42.491318,"Volume":8860800}