{"Date":"2015-03-25","Open":45.91,"High":45.970001,"Low":44.380001,"Close":44.52,"Adj Close":40.433548,"Volume":10383800}