{"Date":"2014-07-28","Open":38.369999,"High":38.529999,"Low":37.82,"Close":38.189999,"Adj Close":34.45541,"Volume":10621800}