{"Date":"2007-11-09","Open":16.5,"High":17.139999,"Low":16.4,"Close":16.5,"Adj Close":14.758267,"Volume":3750000}