{"Date":"2014-02-14","Open":31.190001,"High":31.620001,"Low":30.940001,"Close":31.34,"Adj Close":28.17548,"Volume":7007600}