{"Date":"2014-08-26","Open":40.549999,"High":40.700001,"Low":39.880001,"Close":39.900002,"Adj Close":36.087841,"Volume":7258900}