{"Date":"2014-06-24","Open":38.889999,"High":39.369999,"Low":38.549999,"Close":38.57,"Adj Close":34.798256,"Volume":8813100}