{"Date":"2013-05-30","Open":18.219999,"High":18.4,"Low":18.07,"Close":18.1,"Adj Close":16.189375,"Volume":5579200}