{"Date":"2015-01-08","Open":47.48,"High":48.32,"Low":47.259998,"Close":48.189999,"Adj Close":43.67868,"Volume":10499300}