{"Date":"2014-04-01","Open":34.93,"High":35.779999,"Low":34.919998,"Close":35.75,"Adj Close":32.202679,"Volume":11630500}