{"Date":"2008-01-11","Open":16.200001,"High":16.5,"Low":14.77,"Close":15.48,"Adj Close":13.845939,"Volume":7343700}