{"Date":"2015-03-20","Open":46.810001,"High":47.630001,"Low":46.810001,"Close":47.419998,"Adj Close":43.067356,"Volume":21270700}