{"Date":"2007-10-09","Open":19.42,"High":19.780001,"Low":19.209999,"Close":19.59,"Adj Close":17.522089,"Volume":1839200}