{"Date":"2013-04-30","Open":16.93,"High":17.33,"Low":16.75,"Close":17.139999,"Adj Close":15.330711,"Volume":12023700}