{"Date":"2014-06-26","Open":39.279999,"High":39.52,"Low":38.849998,"Close":39.299999,"Adj Close":35.456863,"Volume":10651000}