{"Date":"2014-10-02","Open":35.330002,"High":35.990002,"Low":34.419998,"Close":35.279999,"Adj Close":31.909246,"Volume":19361100}