{"Date":"2014-06-17","Open":39.130001,"High":39.779999,"Low":39.029999,"Close":39.490002,"Adj Close":35.628281,"Volume":11030800}