{"Date":"2014-07-09","Open":37.57,"High":37.830002,"Low":36.580002,"Close":36.959999,"Adj Close":33.345692,"Volume":15679900}