{"Date":"2013-05-10","Open":17.82,"High":18.24,"Low":17.719999,"Close":18.129999,"Adj Close":16.216208,"Volume":11567200}