{"Date":"2015-02-17","Open":44.779999,"High":45.32,"Low":44.619999,"Close":44.759998,"Adj Close":40.569782,"Volume":12153500}