{"Date":"2014-01-14","Open":31.08,"High":32.07,"Low":31.02,"Close":32.009998,"Adj Close":28.777824,"Volume":14279900}