{"Date":"2014-10-23","Open":37.619999,"High":38.959999,"Low":37.450001,"Close":37.919998,"Adj Close":34.297009,"Volume":25662000}