{"Date":"2015-02-03","Open":45.0,"High":46.23,"Low":44.93,"Close":46.009998,"Adj Close":41.702755,"Volume":17599000}