{"Date":"2014-04-11","Open":32.880001,"High":33.849998,"Low":32.27,"Close":32.52,"Adj Close":29.293175,"Volume":12681600}