{"Date":"2014-12-03","Open":45.139999,"High":45.5,"Low":43.900002,"Close":44.75,"Adj Close":40.560707,"Volume":11034800}