{"Date":"2007-10-12","Open":19.25,"High":19.98,"Low":19.08,"Close":19.959999,"Adj Close":17.853029,"Volume":2331600}