{"Date":"2007-11-29","Open":18.690001,"High":19.17,"Low":18.120001,"Close":18.629999,"Adj Close":16.663424,"Volume":3546800}