{"Date":"2015-04-13","Open":43.080002,"High":43.869999,"Low":42.990002,"Close":43.07,"Adj Close":39.116642,"Volume":10223200}