{"Date":"2013-07-08","Open":19.15,"High":19.25,"Low":18.950001,"Close":19.030001,"Adj Close":17.021206,"Volume":4717900}