{"Date":"2013-10-25","Open":26.299999,"High":26.68,"Low":26.049999,"Close":26.309999,"Adj Close":23.600224,"Volume":13052800}