{"Date":"2013-05-15","Open":18.299999,"High":19.43,"Low":18.25,"Close":18.959999,"Adj Close":16.95859,"Volume":21079200}