{"Date":"2014-10-27","Open":39.380001,"High":40.099998,"Low":39.200001,"Close":39.75,"Adj Close":35.952171,"Volume":18958800}