{"Date":"2014-06-10","Open":41.860001,"High":42.02,"Low":41.259998,"Close":41.919998,"Adj Close":37.820656,"Volume":7033800}