{"Date":"2014-09-16","Open":39.139999,"High":39.599998,"Low":38.599998,"Close":39.52,"Adj Close":35.744144,"Volume":7581500}