{"Date":"2014-01-31","Open":30.190001,"High":30.84,"Low":30.0,"Close":30.610001,"Adj Close":27.519196,"Volume":11438800}