{"Date":"2014-10-31","Open":39.93,"High":40.400002,"Low":39.540001,"Close":40.23,"Adj Close":36.386303,"Volume":14619000}