{"Date":"2007-10-22","Open":19.209999,"High":20.25,"Low":19.200001,"Close":20.0,"Adj Close":17.888803,"Volume":3344200}