{"Date":"2014-11-26","Open":44.23,"High":44.419998,"Low":44.040001,"Close":44.240002,"Adj Close":40.098469,"Volume":8587400}