{"Date":"2013-12-26","Open":27.860001,"High":27.98,"Low":27.59,"Close":27.879999,"Adj Close":25.06485,"Volume":6127500}