{"Date":"2014-10-16","Open":31.299999,"High":34.119999,"Low":31.25,"Close":33.32,"Adj Close":30.136513,"Volume":29696600}