{"Date":"2014-08-14","Open":37.389999,"High":38.419998,"Low":36.240002,"Close":38.400002,"Adj Close":34.731155,"Volume":9026000}