{"Date":"2014-09-25","Open":37.41,"High":37.490002,"Low":36.439999,"Close":36.66,"Adj Close":33.157406,"Volume":14536800}