{"Date":"2013-05-21","Open":18.360001,"High":18.450001,"Low":17.9,"Close":18.129999,"Adj Close":16.216208,"Volume":9161500}