{"Date":"2013-05-09","Open":18.73,"High":18.879999,"Low":17.629999,"Close":17.700001,"Adj Close":15.831603,"Volume":23003700}