{"Date":"2014-11-18","Open":43.529999,"High":45.209999,"Low":43.529999,"Close":44.790001,"Adj Close":40.596973,"Volume":12945300}