{"Date":"2014-12-15","Open":47.73,"High":48.27,"Low":46.709999,"Close":47.799999,"Adj Close":43.325184,"Volume":12391100}