{"Date":"2013-10-22","Open":25.559999,"High":26.24,"Low":25.26,"Close":25.49,"Adj Close":22.864681,"Volume":22623200}