{"Date":"2013-08-16","Open":19.6,"High":20.18,"Low":19.530001,"Close":19.83,"Adj Close":17.787624,"Volume":11501700}