{"Date":"2013-03-20","Open":16.709999,"High":17.09,"Low":16.58,"Close":17.07,"Adj Close":15.268101,"Volume":13076400}