{"Date":"2007-11-13","Open":18.33,"High":19.120001,"Low":18.08,"Close":18.75,"Adj Close":16.77076,"Volume":3435700}