{"Date":"2015-01-14","Open":45.84,"High":46.16,"Low":44.470001,"Close":45.310001,"Adj Close":41.068291,"Volume":13115700}