{"Date":"2015-04-09","Open":43.419998,"High":43.970001,"Low":42.759998,"Close":43.139999,"Adj Close":39.180214,"Volume":9704800}