{"Date":"2014-07-25","Open":38.09,"High":38.919998,"Low":37.91,"Close":38.060001,"Adj Close":34.338127,"Volume":10057700}