{"Date":"2014-08-25","Open":40.709999,"High":40.77,"Low":40.23,"Close":40.52,"Adj Close":36.648605,"Volume":5645700}