{"Date":"2014-06-12","Open":39.82,"High":39.849998,"Low":38.099998,"Close":38.5,"Adj Close":34.735096,"Volume":36333100}