{"Date":"2014-10-01","Open":35.349998,"High":35.389999,"Low":34.290001,"Close":34.900002,"Adj Close":31.565559,"Volume":24756500}