{"Date":"2015-01-07","Open":47.48,"High":47.59,"Low":46.509998,"Close":46.970001,"Adj Close":42.572887,"Volume":10516200}