{"Date":"2014-02-19","Open":30.82,"High":31.040001,"Low":30.440001,"Close":30.57,"Adj Close":27.536667,"Volume":10555900}