{"Date":"2015-02-20","Open":45.73,"High":47.48,"Low":45.509998,"Close":47.439999,"Adj Close":43.085526,"Volume":13624800}