{"Date":"2013-08-01","Open":21.530001,"High":22.049999,"Low":21.4,"Close":22.049999,"Adj Close":19.72241,"Volume":9941900}