{"Date":"2013-04-29","Open":16.74,"High":17.1,"Low":16.68,"Close":16.950001,"Adj Close":15.160767,"Volume":10950900}