{"Date":"2014-01-17","Open":31.27,"High":31.389999,"Low":30.879999,"Close":31.07,"Adj Close":27.932745,"Volume":15822000}