{"Date":"2014-12-01","Open":46.549999,"High":46.73,"Low":44.849998,"Close":45.619999,"Adj Close":41.349266,"Volume":14652000}