{"Date":"2014-08-22","Open":39.950001,"High":40.599998,"Low":39.91,"Close":40.41,"Adj Close":36.549107,"Volume":6735700}