{"Date":"2013-12-03","Open":28.950001,"High":28.969999,"Low":27.84,"Close":28.049999,"Adj Close":25.217684,"Volume":17541900}