{"Date":"2015-03-11","Open":43.459999,"High":44.389999,"Low":43.439999,"Close":44.02,"Adj Close":39.979443,"Volume":8603500}