{"Date":"2007-10-04","Open":19.120001,"High":19.549999,"Low":18.4,"Close":18.610001,"Adj Close":16.645536,"Volume":4998500}