{"Date":"2013-11-06","Open":27.66,"High":27.700001,"Low":26.77,"Close":26.879999,"Adj Close":24.165823,"Volume":13371800}