{"Date":"2013-09-23","Open":23.309999,"High":23.51,"Low":23.139999,"Close":23.32,"Adj Close":20.918177,"Volume":9871500}