{"Date":"2014-08-01","Open":37.380001,"High":37.75,"Low":36.900002,"Close":37.580002,"Adj Close":33.905071,"Volume":10073500}