{"Date":"2007-12-13","Open":15.55,"High":16.450001,"Low":14.94,"Close":15.35,"Adj Close":13.729663,"Volume":6570400}