{"Date":"2013-06-20","Open":18.469999,"High":18.75,"Low":18.23,"Close":18.41,"Adj Close":16.466644,"Volume":11287500}