{"Date":"2007-05-29","Open":18.91,"High":19.200001,"Low":18.85,"Close":19.09,"Adj Close":17.074869,"Volume":2918800}