{"Date":"2007-11-02","Open":20.219999,"High":20.290001,"Low":19.68,"Close":19.93,"Adj Close":17.826202,"Volume":1623200}