{"Date":"2014-09-02","Open":39.799999,"High":40.970001,"Low":39.75,"Close":40.93,"Adj Close":37.01944,"Volume":11664100}