{"Date":"2013-11-18","Open":28.27,"High":28.700001,"Low":28.049999,"Close":28.120001,"Adj Close":25.280617,"Volume":13631800}