{"Date":"2013-09-19","Open":23.32,"High":23.59,"Low":23.08,"Close":23.450001,"Adj Close":21.03479,"Volume":9416200}