{"Date":"2014-01-02","Open":27.26,"High":28.049999,"Low":27.26,"Close":27.700001,"Adj Close":24.903025,"Volume":11703400}