{"Date":"2013-07-17","Open":19.309999,"High":20.190001,"Low":19.309999,"Close":19.92,"Adj Close":17.817253,"Volume":11346200}