{"Date":"2013-12-09","Open":28.26,"High":28.950001,"Low":28.200001,"Close":28.879999,"Adj Close":25.963875,"Volume":11504500}