{"Date":"2014-02-13","Open":30.790001,"High":31.5,"Low":30.43,"Close":31.35,"Adj Close":28.184471,"Volume":8717700}