{"Date":"2014-03-14","Open":33.490002,"High":34.630001,"Low":33.25,"Close":34.119999,"Adj Close":30.734419,"Volume":11883800}