{"Date":"2013-04-01","Open":16.43,"High":16.940001,"Low":16.25,"Close":16.25,"Adj Close":14.534661,"Volume":10897400}