{"Date":"2014-09-05","Open":39.279999,"High":39.610001,"Low":38.720001,"Close":39.220001,"Adj Close":35.472816,"Volume":10321800}