{"Date":"2014-12-10","Open":46.889999,"High":47.34,"Low":46.07,"Close":46.220001,"Adj Close":41.893105,"Volume":15790800}