{"Date":"2014-03-17","Open":34.580002,"High":34.580002,"Low":33.75,"Close":34.200001,"Adj Close":30.806477,"Volume":9175600}