{"Date":"2007-11-12","Open":16.879999,"High":17.959999,"Low":16.77,"Close":17.879999,"Adj Close":15.992596,"Volume":4727700}