{"Date":"2014-01-29","Open":30.440001,"High":31.290001,"Low":29.780001,"Close":29.92,"Adj Close":26.898867,"Volume":16374700}