{"Date":"2014-02-24","Open":31.92,"High":32.73,"Low":31.84,"Close":32.450001,"Adj Close":29.23012,"Volume":11241100}