{"Date":"2014-04-14","Open":32.860001,"High":33.0,"Low":31.129999,"Close":31.73,"Adj Close":28.581564,"Volume":15615700}