{"Date":"2015-01-28","Open":49.5,"High":49.91,"Low":48.279999,"Close":48.459999,"Adj Close":43.923405,"Volume":9575400}