{"Date":"2013-05-20","Open":18.58,"High":18.870001,"Low":18.219999,"Close":18.360001,"Adj Close":16.42193,"Volume":8101600}