{"Date":"2007-05-25","Open":19.02,"High":19.049999,"Low":18.690001,"Close":18.76,"Adj Close":16.779705,"Volume":895000}