{"Date":"2013-10-03","Open":24.49,"High":24.700001,"Low":23.9,"Close":24.540001,"Adj Close":22.012526,"Volume":16929500}