{"Date":"2014-06-27","Open":39.259998,"High":39.41,"Low":38.93,"Close":39.330002,"Adj Close":35.483936,"Volume":17022700}