{"Date":"2014-12-11","Open":46.650002,"High":48.549999,"Low":46.650002,"Close":48.330002,"Adj Close":43.80558,"Volume":19911400}