{"Date":"2015-02-25","Open":47.93,"High":48.009998,"Low":46.599998,"Close":46.84,"Adj Close":42.540592,"Volume":10815800}