{"Date":"2013-12-19","Open":27.389999,"High":27.719999,"Low":27.309999,"Close":27.51,"Adj Close":24.73221,"Volume":11138500}