{"Date":"2014-04-24","Open":37.150002,"High":37.470001,"Low":36.330002,"Close":36.73,"Adj Close":33.085434,"Volume":16534100}