{"Date":"2014-10-10","Open":33.810001,"High":34.119999,"Low":32.709999,"Close":32.91,"Adj Close":29.765692,"Volume":24808300}