{"Date":"2014-12-22","Open":47.779999,"High":48.68,"Low":47.299999,"Close":47.41,"Adj Close":42.971699,"Volume":8206700}