{"Date":"2013-08-23","Open":20.280001,"High":20.440001,"Low":20.049999,"Close":20.120001,"Adj Close":18.04776,"Volume":6310900}