{"Date":"2007-05-22","Open":19.1,"High":19.530001,"Low":19.0,"Close":19.48,"Adj Close":17.423697,"Volume":4014700}