{"Date":"2007-11-08","Open":17.450001,"High":17.530001,"Low":16.200001,"Close":17.0,"Adj Close":15.205487,"Volume":7390600}