{"Date":"2013-03-11","Open":16.049999,"High":16.42,"Low":15.77,"Close":16.23,"Adj Close":14.516769,"Volume":11617300}