{"Date":"2014-12-04","Open":46.07,"High":46.939999,"Low":45.549999,"Close":46.419998,"Adj Close":42.074375,"Volume":14723100}