{"Date":"2014-10-08","Open":35.68,"High":35.740002,"Low":33.919998,"Close":34.810001,"Adj Close":31.484148,"Volume":25258700}