{"Date":"2014-02-12","Open":31.51,"High":31.51,"Low":30.780001,"Close":31.129999,"Adj Close":27.986681,"Volume":9535200}