{"Date":"2013-07-24","Open":21.08,"High":21.639999,"Low":20.719999,"Close":20.799999,"Adj Close":18.604364,"Volume":17975400}