{"Date":"2014-09-09","Open":38.830002,"High":39.43,"Low":38.290001,"Close":38.82,"Adj Close":35.111027,"Volume":9508600}