{"Date":"2015-03-02","Open":44.52,"High":45.509998,"Low":44.52,"Close":45.389999,"Adj Close":41.223694,"Volume":11247500}