{"Date":"2014-11-10","Open":42.290001,"High":43.400002,"Low":42.009998,"Close":43.369999,"Adj Close":39.309895,"Volume":11142000}