{"Date":"2014-11-25","Open":43.57,"High":44.330002,"Low":43.310001,"Close":44.080002,"Adj Close":39.953445,"Volume":11304900}