{"Date":"2013-12-17","Open":27.950001,"High":27.959999,"Low":26.9,"Close":26.940001,"Adj Close":24.21977,"Volume":17570900}