{"Date":"2008-01-16","Open":16.0,"High":16.219999,"Low":14.83,"Close":16.0,"Adj Close":14.311046,"Volume":6175000}