{"Date":"2014-05-12","Open":37.77,"High":38.689999,"Low":37.740002,"Close":38.650002,"Adj Close":34.87043,"Volume":8269600}