{"Date":"2015-02-26","Open":47.200001,"High":47.380001,"Low":45.57,"Close":45.919998,"Adj Close":41.70504,"Volume":14477500}