{"Date":"2014-04-28","Open":36.200001,"High":36.669998,"Low":35.130001,"Close":35.84,"Adj Close":32.283749,"Volume":12646300}