{"Date":"2014-06-13","Open":38.509998,"High":39.630001,"Low":38.48,"Close":39.240002,"Adj Close":35.402737,"Volume":19864000}