{"Date":"2013-12-23","Open":27.77,"High":27.889999,"Low":27.459999,"Close":27.57,"Adj Close":24.786148,"Volume":7464900}