{"Date":"2014-04-10","Open":35.099998,"High":35.139999,"Low":33.0,"Close":33.009998,"Adj Close":29.73455,"Volume":14715400}