{"Date":"2014-02-27","Open":33.389999,"High":33.950001,"Low":33.279999,"Close":33.32,"Adj Close":30.013788,"Volume":10851800}