{"Date":"2014-05-16","Open":38.040001,"High":38.189999,"Low":37.41,"Close":37.860001,"Adj Close":34.157688,"Volume":9214000}