{"Date":"2014-08-08","Open":35.509998,"High":36.279999,"Low":34.59,"Close":36.240002,"Adj Close":32.777519,"Volume":13959300}