{"Date":"2014-04-22","Open":34.18,"High":35.25,"Low":34.169998,"Close":34.950001,"Adj Close":31.482058,"Volume":14105200}