{"Date":"2015-02-10","Open":45.130001,"High":45.740002,"Low":44.740002,"Close":45.32,"Adj Close":41.077351,"Volume":11276400}