{"Date":"2015-01-06","Open":48.549999,"High":48.740002,"Low":46.25,"Close":47.220001,"Adj Close":42.799488,"Volume":12880400}