{"Date":"2014-10-17","Open":34.57,"High":35.139999,"Low":34.150002,"Close":34.389999,"Adj Close":31.104282,"Volume":21497300}