{"Date":"2013-12-04","Open":27.99,"High":28.01,"Low":27.299999,"Close":27.610001,"Adj Close":24.822111,"Volume":15919100}