{"Date":"2014-09-26","Open":36.400002,"High":36.73,"Low":36.130001,"Close":36.52,"Adj Close":33.030781,"Volume":15665300}