{"Date":"2013-04-25","Open":16.51,"High":16.9,"Low":16.280001,"Close":16.290001,"Adj Close":14.570438,"Volume":20782200}