{"Date":"2014-01-21","Open":32.389999,"High":32.650002,"Low":31.65,"Close":32.080002,"Adj Close":28.840763,"Volume":17955300}