{"Date":"2014-04-21","Open":33.580002,"High":34.080002,"Low":33.25,"Close":33.939999,"Adj Close":30.572275,"Volume":8893100}