{"Date":"2014-07-31","Open":37.439999,"High":37.959999,"Low":36.830002,"Close":37.459999,"Adj Close":33.796795,"Volume":10679600}