{"Date":"2013-05-23","Open":17.85,"High":18.549999,"Low":17.68,"Close":18.49,"Adj Close":16.538202,"Volume":9341900}