{"Date":"2013-10-10","Open":24.639999,"High":24.940001,"Low":24.379999,"Close":24.51,"Adj Close":21.985613,"Volume":12480400}