{"Date":"2013-09-20","Open":23.58,"High":23.719999,"Low":23.25,"Close":23.299999,"Adj Close":20.900234,"Volume":14547300}