{"Date":"2015-03-13","Open":45.450001,"High":46.369999,"Low":45.330002,"Close":45.5,"Adj Close":41.323597,"Volume":10039200}