{"Date":"2014-09-19","Open":39.619999,"High":39.68,"Low":38.639999,"Close":38.639999,"Adj Close":34.948231,"Volume":10491000}