{"Date":"2014-06-23","Open":39.41,"High":39.669998,"Low":38.57,"Close":39.07,"Adj Close":35.249355,"Volume":13342100}