{"Date":"2014-09-12","Open":39.43,"High":39.959999,"Low":39.299999,"Close":39.689999,"Adj Close":35.897903,"Volume":8266700}