{"Date":"2015-03-04","Open":45.360001,"High":45.5,"Low":44.799999,"Close":45.150002,"Adj Close":41.005714,"Volume":10364100}