{"Date":"2013-06-07","Open":17.75,"High":18.379999,"Low":17.65,"Close":18.379999,"Adj Close":16.439817,"Volume":10492900}