{"Date":"2014-07-22","Open":37.439999,"High":37.889999,"Low":37.369999,"Close":37.68,"Adj Close":33.995289,"Volume":10255600}