{"Date":"2007-10-30","Open":19.91,"High":20.940001,"Low":19.9,"Close":20.68,"Adj Close":18.497026,"Volume":3845600}