{"Date":"2015-03-03","Open":44.580002,"High":45.810001,"Low":44.27,"Close":45.779999,"Adj Close":41.577892,"Volume":12972500}