{"Date":"2015-03-17","Open":46.5,"High":46.950001,"Low":46.200001,"Close":46.650002,"Adj Close":42.368038,"Volume":11583500}