{"Date":"2014-12-09","Open":45.939999,"High":46.360001,"Low":45.209999,"Close":46.330002,"Adj Close":41.992802,"Volume":14027400}