{"Date":"2013-07-11","Open":19.059999,"High":19.110001,"Low":18.450001,"Close":18.860001,"Adj Close":16.869152,"Volume":9921800}