{"Date":"2014-07-01","Open":39.0,"High":40.41,"Low":38.900002,"Close":40.310001,"Adj Close":36.368103,"Volume":13673700}