{"Date":"2014-02-05","Open":29.66,"High":30.1,"Low":29.120001,"Close":30.02,"Adj Close":26.988766,"Volume":13892600}