{"Date":"2014-03-20","Open":33.799999,"High":33.91,"Low":33.299999,"Close":33.639999,"Adj Close":30.302044,"Volume":7001400}