{"Date":"2007-10-25","Open":20.4,"High":20.75,"Low":19.85,"Close":20.059999,"Adj Close":17.942478,"Volume":2479300}