{"Date":"2015-04-01","Open":43.669998,"High":43.990002,"Low":42.919998,"Close":43.259998,"Adj Close":39.289196,"Volume":19301700}