{"Date":"2013-08-21","Open":19.27,"High":19.77,"Low":19.17,"Close":19.559999,"Adj Close":17.545435,"Volume":12699800}