{"Date":"2013-05-31","Open":18.1,"High":18.42,"Low":17.969999,"Close":18.01,"Adj Close":16.108879,"Volume":7024200}