{"Date":"2014-08-12","Open":36.740002,"High":36.82,"Low":36.23,"Close":36.509998,"Adj Close":33.021725,"Volume":6490000}