{"Date":"2015-02-13","Open":44.080002,"High":44.529999,"Low":43.349998,"Close":44.5,"Adj Close":40.334122,"Volume":16355700}