{"Date":"2015-01-05","Open":49.459999,"High":49.48,"Low":47.810001,"Close":48.360001,"Adj Close":43.832767,"Volume":10556500}