{"Date":"2015-01-12","Open":46.720001,"High":46.970001,"Low":45.549999,"Close":46.060001,"Adj Close":41.748085,"Volume":11573400}