{"Date":"2013-08-14","Open":19.299999,"High":19.43,"Low":18.75,"Close":19.040001,"Adj Close":17.078991,"Volume":30584800}