{"Date":"2013-05-16","Open":18.950001,"High":19.299999,"Low":18.620001,"Close":18.639999,"Adj Close":16.672373,"Volume":10451100}