{"Date":"2014-04-17","Open":33.610001,"High":33.880001,"Low":32.880001,"Close":33.759998,"Adj Close":30.410135,"Volume":13151800}