{"Date":"2015-04-08","Open":41.939999,"High":43.299999,"Low":41.91,"Close":43.290001,"Adj Close":39.316444,"Volume":14039100}