{"Date":"2013-11-21","Open":27.85,"High":28.129999,"Low":27.719999,"Close":28.040001,"Adj Close":25.208694,"Volume":8489000}