{"Date":"2014-08-07","Open":36.360001,"High":36.720001,"Low":35.220001,"Close":35.610001,"Adj Close":32.207726,"Volume":11838000}