{"Date":"2013-12-10","Open":28.83,"High":29.120001,"Low":28.57,"Close":28.77,"Adj Close":25.864983,"Volume":10638500}