{"Date":"2013-03-25","Open":16.780001,"High":16.879999,"Low":16.219999,"Close":16.309999,"Adj Close":14.588325,"Volume":11366000}