{"Date":"2013-10-17","Open":24.379999,"High":24.9,"Low":24.379999,"Close":24.790001,"Adj Close":22.236776,"Volume":12646400}