{"Date":"2007-05-18","Open":19.469999,"High":19.49,"Low":18.540001,"Close":19.309999,"Adj Close":17.271643,"Volume":6562200}