{"Date":"2014-09-24","Open":37.779999,"High":38.02,"Low":37.459999,"Close":37.66,"Adj Close":34.061852,"Volume":11253000}