{"Date":"2007-05-04","Open":21.25,"High":21.35,"Low":20.700001,"Close":20.98,"Adj Close":18.765362,"Volume":5437300}