{"Date":"2013-10-31","Open":26.469999,"High":26.620001,"Low":26.26,"Close":26.379999,"Adj Close":23.663012,"Volume":10144300}