{"Date":"2013-11-26","Open":29.18,"High":29.24,"Low":28.74,"Close":29.040001,"Adj Close":26.107719,"Volume":10968300}