{"Date":"2014-11-06","Open":42.119999,"High":43.610001,"Low":42.080002,"Close":42.900002,"Adj Close":38.883907,"Volume":16694400}