{"Date":"2013-09-18","Open":23.0,"High":23.549999,"Low":22.91,"Close":23.309999,"Adj Close":20.909206,"Volume":17592100}