{"Date":"2013-06-14","Open":18.629999,"High":18.959999,"Low":18.530001,"Close":18.85,"Adj Close":16.860203,"Volume":10445000}