{"Date":"2014-07-15","Open":37.59,"High":38.200001,"Low":37.52,"Close":38.029999,"Adj Close":34.311054,"Volume":12018900}