{"Date":"2007-10-01","Open":18.0,"High":18.33,"Low":17.809999,"Close":18.219999,"Adj Close":16.296705,"Volume":2277700}