{"Date":"2008-01-28","Open":16.209999,"High":16.690001,"Low":15.91,"Close":16.16,"Adj Close":14.454157,"Volume":3912900}