{"Date":"2013-03-13","Open":15.95,"High":16.41,"Low":15.95,"Close":16.360001,"Adj Close":14.633046,"Volume":11475800}