{"Date":"2014-03-26","Open":34.5,"High":34.549999,"Low":33.91,"Close":33.959999,"Adj Close":30.590294,"Volume":12058800}