{"Date":"2014-05-08","Open":38.07,"High":38.580002,"Low":37.5,"Close":37.700001,"Adj Close":34.013332,"Volume":11164100}