{"Date":"2013-09-17","Open":23.66,"High":23.709999,"Low":23.07,"Close":23.32,"Adj Close":20.918177,"Volume":14278100}