{"Date":"2014-03-24","Open":33.110001,"High":33.529999,"Low":32.52,"Close":33.32,"Adj Close":30.013788,"Volume":11289700}