{"Date":"2014-08-05","Open":37.009998,"High":37.220001,"Low":35.869999,"Close":36.23,"Adj Close":32.687084,"Volume":16393800}