{"Date":"2015-02-12","Open":44.349998,"High":44.900002,"Low":43.73,"Close":44.810001,"Adj Close":40.615105,"Volume":15764800}