{"Date":"2014-05-21","Open":38.009998,"High":38.470001,"Low":37.970001,"Close":38.34,"Adj Close":34.590748,"Volume":6500300}