{"Date":"2014-07-17","Open":37.599998,"High":37.950001,"Low":36.439999,"Close":36.57,"Adj Close":32.993828,"Volume":16479000}