{"Date":"2007-12-10","Open":18.860001,"High":18.860001,"Low":18.1,"Close":18.24,"Adj Close":16.3146,"Volume":2739700}