{"Date":"2014-10-13","Open":33.299999,"High":33.310001,"Low":30.120001,"Close":30.9,"Adj Close":27.947721,"Volume":41248000}