{"Date":"2014-12-08","Open":47.060001,"High":47.669998,"Low":46.709999,"Close":47.34,"Adj Close":42.908257,"Volume":14718700}