{"Date":"2014-07-24","Open":39.490002,"High":39.75,"Low":37.939999,"Close":38.07,"Adj Close":34.347149,"Volume":14606000}