{"Date":"2013-03-26","Open":16.5,"High":16.690001,"Low":16.290001,"Close":16.549999,"Adj Close":14.802989,"Volume":10003800}