{"Date":"2014-04-02","Open":35.91,"High":36.52,"Low":35.529999,"Close":35.700001,"Adj Close":32.157635,"Volume":12018200}