{"Date":"2015-03-23","Open":47.419998,"High":47.59,"Low":46.560001,"Close":46.580002,"Adj Close":42.304459,"Volume":10793900}