{"Date":"2013-09-16","Open":22.98,"High":23.57,"Low":22.780001,"Close":23.15,"Adj Close":20.765686,"Volume":21517800}