{"Date":"2014-03-13","Open":34.759998,"High":34.779999,"Low":33.290001,"Close":33.580002,"Adj Close":30.247993,"Volume":13340700}