{"Date":"2007-11-30","Open":19.18,"High":19.870001,"Low":19.08,"Close":19.76,"Adj Close":17.674139,"Volume":6946400}