{"Date":"2013-05-29","Open":18.530001,"High":18.620001,"Low":17.75,"Close":18.08,"Adj Close":16.171482,"Volume":13292700}