{"Date":"2018-07-23","Open":51.799999,"High":52.380001,"Low":51.330002,"Close":52.240002,"Adj Close":50.199715,"Volume":4509200}