{"Date":"2015-06-01","Open":43.209999,"High":44.790001,"Low":42.939999,"Close":44.349998,"Adj Close":40.361897,"Volume":17682300}