{"Date":"2018-11-29","Open":58.5,"High":59.43,"Low":58.349998,"Close":58.860001,"Adj Close":57.304676,"Volume":6793700}