{"Date":"2017-08-14","Open":49.990002,"High":50.240002,"Low":49.66,"Close":50.07,"Adj Close":46.958454,"Volume":4666000}