{"Date":"2019-03-27","Open":49.049999,"High":50.529999,"Low":48.98,"Close":49.970001,"Adj Close":48.989586,"Volume":7907200}