{"Date":"2018-09-13","Open":57.389999,"High":58.25,"Low":57.389999,"Close":57.82,"Adj Close":55.940643,"Volume":3568400}