{"Date":"2018-02-15","Open":52.57,"High":53.16,"Low":51.98,"Close":52.950001,"Adj Close":50.291149,"Volume":4877800}