{"Date":"2015-05-21","Open":43.5,"High":44.150002,"Low":42.689999,"Close":43.75,"Adj Close":39.815849,"Volume":16267300}