{"Date":"2017-07-20","Open":53.790001,"High":53.91,"Low":52.759998,"Close":52.830002,"Adj Close":49.546944,"Volume":8418300}