{"Date":"2018-07-30","Open":54.32,"High":54.880001,"Low":53.75,"Close":53.790001,"Adj Close":52.04163,"Volume":5676700}