{"Date":"2016-11-18","Open":48.799999,"High":48.98,"Low":48.25,"Close":48.900002,"Adj Close":45.492981,"Volume":8250900}