{"Date":"2017-04-05","Open":45.43,"High":46.099998,"Low":45.040001,"Close":45.080002,"Adj Close":42.105633,"Volume":8313400}