{"Date":"2016-12-13","Open":50.02,"High":50.700001,"Low":49.619999,"Close":49.66,"Adj Close":46.200027,"Volume":8855500}