{"Date":"2015-06-03","Open":43.52,"High":43.77,"Low":42.950001,"Close":43.240002,"Adj Close":39.351707,"Volume":9886600}