{"Date":"2017-04-25","Open":47.139999,"High":47.549999,"Low":46.700001,"Close":46.73,"Adj Close":43.646759,"Volume":7873900}