{"Date":"2016-11-22","Open":48.84,"High":49.299999,"Low":48.75,"Close":48.900002,"Adj Close":45.492981,"Volume":8941800}