{"Date":"2017-11-24","Open":50.48,"High":50.48,"Low":49.98,"Close":50.110001,"Adj Close":47.59375,"Volume":1841200}