{"Date":"2018-06-06","Open":53.200001,"High":54.310001,"Low":52.630001,"Close":54.169998,"Adj Close":52.054337,"Volume":10825300}