{"Date":"2017-01-31","Open":47.790001,"High":47.830002,"Low":46.57,"Close":47.240002,"Adj Close":43.948643,"Volume":12533800}