{"Date":"2016-07-29","Open":39.369999,"High":39.900002,"Low":38.740002,"Close":38.75,"Adj Close":35.68943,"Volume":10468200}