{"Date":"2015-10-29","Open":50.040001,"High":50.650002,"Low":49.610001,"Close":50.5,"Adj Close":46.093121,"Volume":5632800}