{"Date":"2019-03-08","Open":49.25,"High":49.599998,"Low":48.919998,"Close":49.59,"Adj Close":48.617043,"Volume":8570100}