{"Date":"2017-02-14","Open":49.82,"High":49.990002,"Low":49.099998,"Close":49.860001,"Adj Close":46.386097,"Volume":7024600}