{"Date":"2017-02-16","Open":51.16,"High":51.169998,"Low":50.59,"Close":50.830002,"Adj Close":47.288513,"Volume":6626700}