{"Date":"2016-04-27","Open":43.75,"High":44.240002,"Low":43.279999,"Close":43.689999,"Adj Close":40.110039,"Volume":9097500}