{"Date":"2017-07-07","Open":54.549999,"High":55.5,"Low":54.279999,"Close":55.459999,"Adj Close":52.013496,"Volume":7493300}