{"Date":"2017-04-18","Open":44.200001,"High":44.779999,"Low":43.970001,"Close":44.41,"Adj Close":41.479836,"Volume":7973800}