{"Date":"2018-09-21","Open":58.439999,"High":60.23,"Low":58.389999,"Close":59.610001,"Adj Close":57.672459,"Volume":11936300}