{"Date":"2015-10-08","Open":45.799999,"High":46.07,"Low":45.169998,"Close":45.959999,"Adj Close":41.949295,"Volume":8905400}