{"Date":"2015-06-19","Open":41.990002,"High":42.810001,"Low":41.830002,"Close":41.990002,"Adj Close":38.214119,"Volume":11189300}