{"Date":"2018-01-08","Open":55.919998,"High":56.029999,"Low":54.5,"Close":54.68,"Adj Close":51.934269,"Volume":9654700}