{"Date":"2016-06-08","Open":42.200001,"High":42.450001,"Low":41.099998,"Close":41.849998,"Adj Close":38.544586,"Volume":13861700}