{"Date":"2017-08-08","Open":50.75,"High":51.040001,"Low":50.23,"Close":50.310001,"Adj Close":47.183537,"Volume":5847200}