{"Date":"2016-12-28","Open":50.349998,"High":50.459999,"Low":49.450001,"Close":49.509998,"Adj Close":46.060474,"Volume":4520200}