{"Date":"2018-08-29","Open":58.799999,"High":58.869999,"Low":58.41,"Close":58.52,"Adj Close":56.617889,"Volume":4543300}