{"Date":"2018-05-15","Open":51.970001,"High":52.720001,"Low":51.759998,"Close":52.369999,"Adj Close":50.324646,"Volume":6572800}