{"Date":"2016-10-19","Open":39.549999,"High":40.919998,"Low":39.189999,"Close":40.900002,"Adj Close":37.87608,"Volume":13814400}