{"Date":"2017-06-29","Open":54.110001,"High":54.529999,"Low":53.68,"Close":53.869999,"Adj Close":50.522305,"Volume":7188300}