{"Date":"2017-11-21","Open":50.0,"High":50.68,"Low":49.740002,"Close":50.669998,"Adj Close":48.125629,"Volume":4833900}