{"Date":"2015-08-25","Open":43.84,"High":43.84,"Low":41.369999,"Close":41.369999,"Adj Close":37.75985,"Volume":10465900}