{"Date":"2016-11-15","Open":49.02,"High":49.240002,"Low":47.0,"Close":47.650002,"Adj Close":44.33007,"Volume":14153200}