{"Date":"2019-03-06","Open":49.810001,"High":50.279999,"Low":49.439999,"Close":49.709999,"Adj Close":48.734688,"Volume":8702600}