{"Date":"2018-02-07","Open":52.830002,"High":54.450001,"Low":52.799999,"Close":53.849998,"Adj Close":51.145954,"Volume":8995400}