{"Date":"2015-12-03","Open":48.419998,"High":48.990002,"Low":47.849998,"Close":48.220001,"Adj Close":44.128891,"Volume":11634400}