{"Date":"2017-11-27","Open":50.049999,"High":50.16,"Low":49.400002,"Close":49.59,"Adj Close":47.099865,"Volume":5032300}