{"Date":"2018-08-09","Open":55.209999,"High":55.720001,"Low":55.130001,"Close":55.34,"Adj Close":53.541248,"Volume":2890400}