{"Date":"2018-04-04","Open":52.790001,"High":53.98,"Low":52.599998,"Close":53.860001,"Adj Close":51.450642,"Volume":6378300}