{"Date":"2016-09-26","Open":38.52,"High":38.75,"Low":37.91,"Close":38.040001,"Adj Close":35.227528,"Volume":7854400}