{"Date":"2018-12-13","Open":56.23,"High":56.450001,"Low":53.349998,"Close":53.549999,"Adj Close":52.134983,"Volume":10174900}