{"Date":"2015-11-23","Open":49.0,"High":49.189999,"Low":48.400002,"Close":48.740002,"Adj Close":44.604782,"Volume":6261100}