{"Date":"2016-12-12","Open":51.029999,"High":51.34,"Low":49.93,"Close":49.970001,"Adj Close":46.488434,"Volume":8648700}