{"Date":"2016-02-24","Open":48.450001,"High":49.049999,"Low":47.790001,"Close":48.939999,"Adj Close":44.929863,"Volume":9236800}