{"Date":"2019-03-11","Open":49.799999,"High":51.290001,"Low":49.77,"Close":51.119999,"Adj Close":50.117023,"Volume":8868100}