{"Date":"2017-07-12","Open":54.799999,"High":55.59,"Low":54.75,"Close":55.48,"Adj Close":52.032253,"Volume":12101600}