{"Date":"2017-07-11","Open":54.82,"High":55.040001,"Low":54.18,"Close":54.279999,"Adj Close":50.90683,"Volume":5442100}