{"Date":"2017-03-02","Open":50.0,"High":50.689999,"Low":49.810001,"Close":49.959999,"Adj Close":46.663651,"Volume":12527200}