{"Date":"2017-02-27","Open":50.330002,"High":50.459999,"Low":49.830002,"Close":50.439999,"Adj Close":47.111977,"Volume":7574200}