{"Date":"2015-04-17","Open":44.720001,"High":45.23,"Low":44.580002,"Close":44.759998,"Adj Close":40.651516,"Volume":9581400}