{"Date":"2016-11-11","Open":45.75,"High":46.950001,"Low":45.27,"Close":46.380001,"Adj Close":43.14856,"Volume":10272900}