{"Date":"2015-06-15","Open":40.919998,"High":41.200001,"Low":40.529999,"Close":40.700001,"Adj Close":37.040119,"Volume":9649400}