{"Date":"2017-10-20","Open":52.619999,"High":53.279999,"Low":52.529999,"Close":53.27,"Adj Close":50.282249,"Volume":6707800}