{"Date":"2018-03-16","Open":56.459999,"High":57.310001,"Low":56.43,"Close":56.689999,"Adj Close":54.154045,"Volume":6546600}