{"Date":"2016-08-19","Open":36.810001,"High":36.98,"Low":36.369999,"Close":36.77,"Adj Close":34.051434,"Volume":7579600}