{"Date":"2016-08-16","Open":36.810001,"High":37.310001,"Low":36.790001,"Close":36.939999,"Adj Close":34.208855,"Volume":9253500}