{"Date":"2015-12-22","Open":51.650002,"High":51.950001,"Low":51.16,"Close":51.75,"Adj Close":47.359406,"Volume":6745600}