{"Date":"2018-10-25","Open":51.41,"High":53.959999,"Low":51.360001,"Close":53.709999,"Adj Close":51.96423,"Volume":9174400}