{"Date":"2015-07-22","Open":44.509998,"High":45.419998,"Low":44.459999,"Close":45.220001,"Adj Close":41.153664,"Volume":8995500}