{"Date":"2016-11-03","Open":42.060001,"High":42.57,"Low":41.77,"Close":41.919998,"Adj Close":38.820663,"Volume":8142800}