{"Date":"2018-11-21","Open":55.810001,"High":57.32,"Low":55.669998,"Close":55.970001,"Adj Close":54.491039,"Volume":6509100}