{"Date":"2017-04-10","Open":45.07,"High":45.23,"Low":44.599998,"Close":44.970001,"Adj Close":42.002892,"Volume":9945400}