{"Date":"2018-10-01","Open":57.990002,"High":58.139999,"Low":56.32,"Close":56.599998,"Adj Close":54.760292,"Volume":5839900}