{"Date":"2017-10-27","Open":50.919998,"High":51.240002,"Low":49.950001,"Close":50.560001,"Adj Close":47.724243,"Volume":7574000}