{"Date":"2016-10-18","Open":39.389999,"High":40.27,"Low":39.049999,"Close":39.459999,"Adj Close":36.542542,"Volume":13433800}