{"Date":"2017-02-24","Open":50.380001,"High":50.52,"Low":49.880001,"Close":50.459999,"Adj Close":47.130657,"Volume":8154700}