{"Date":"2015-06-30","Open":41.68,"High":41.830002,"Low":41.029999,"Close":41.080002,"Adj Close":37.385948,"Volume":10416400}