{"Date":"2015-12-16","Open":51.400002,"High":52.290001,"Low":50.849998,"Close":52.119999,"Adj Close":47.698006,"Volume":9172900}