{"Date":"2016-11-17","Open":47.41,"High":48.529999,"Low":47.209999,"Close":48.509998,"Adj Close":45.130146,"Volume":8569700}