{"Date":"2017-05-22","Open":48.369999,"High":48.720001,"Low":48.34,"Close":48.490002,"Adj Close":45.476643,"Volume":6548300}