{"Date":"2018-05-16","Open":52.41,"High":53.990002,"Low":52.41,"Close":53.48,"Adj Close":51.391289,"Volume":6997400}