{"Date":"2015-08-14","Open":47.360001,"High":47.959999,"Low":47.279999,"Close":47.630001,"Adj Close":43.473576,"Volume":6117400}