{"Date":"2015-06-02","Open":42.990002,"High":43.619999,"Low":42.869999,"Close":43.209999,"Adj Close":39.324409,"Volume":18431500}