{"Date":"2018-01-10","Open":54.740002,"High":55.950001,"Low":54.720001,"Close":55.860001,"Adj Close":53.055019,"Volume":12318300}