{"Date":"2018-01-03","Open":56.470001,"High":56.599998,"Low":55.07,"Close":55.689999,"Adj Close":52.893555,"Volume":9332000}