{"Date":"2018-07-12","Open":50.900002,"High":51.279999,"Low":49.119999,"Close":50.73,"Adj Close":48.748692,"Volume":12625600}