{"Date":"2015-11-19","Open":48.200001,"High":48.759998,"Low":48.02,"Close":48.509998,"Adj Close":44.394283,"Volume":7857100}