{"Date":"2018-11-05","Open":56.02,"High":56.380001,"Low":55.549999,"Close":56.049999,"Adj Close":54.228172,"Volume":5206000}