{"Date":"2016-12-23","Open":49.939999,"High":50.139999,"Low":49.779999,"Close":49.889999,"Adj Close":46.413998,"Volume":4046300}