{"Date":"2016-09-07","Open":37.450001,"High":39.18,"Low":37.41,"Close":38.900002,"Adj Close":36.023945,"Volume":16662100}