{"Date":"2016-06-02","Open":42.77,"High":43.459999,"Low":42.400002,"Close":42.450001,"Adj Close":39.097202,"Volume":10103500}