{"Date":"2016-03-18","Open":48.669998,"High":50.299999,"Low":48.580002,"Close":50.049999,"Adj Close":45.948902,"Volume":12485200}