{"Date":"2017-06-27","Open":52.860001,"High":53.209999,"Low":52.599998,"Close":52.84,"Adj Close":49.556313,"Volume":5921800}