{"Date":"2018-09-26","Open":57.400002,"High":57.950001,"Low":57.18,"Close":57.509998,"Adj Close":55.64072,"Volume":5306700}