{"Date":"2017-05-15","Open":49.119999,"High":49.709999,"Low":49.0,"Close":49.509998,"Adj Close":46.243332,"Volume":5539300}