{"Date":"2015-11-11","Open":50.490002,"High":50.73,"Low":49.959999,"Close":49.98,"Adj Close":45.739574,"Volume":6116400}