{"Date":"2016-02-08","Open":41.310001,"High":41.599998,"Low":40.049999,"Close":40.77,"Adj Close":37.310966,"Volume":15450900}