{"Date":"2017-11-28","Open":49.310001,"High":50.68,"Low":49.080002,"Close":50.580002,"Adj Close":48.040154,"Volume":8571700}