{"Date":"2016-06-07","Open":41.349998,"High":42.810001,"Low":41.0,"Close":42.099998,"Adj Close":38.774845,"Volume":11445900}