{"Date":"2018-04-23","Open":55.77,"High":55.799999,"Low":54.169998,"Close":54.610001,"Adj Close":52.167095,"Volume":5360400}