{"Date":"2018-08-08","Open":54.869999,"High":55.549999,"Low":54.849998,"Close":55.23,"Adj Close":53.434822,"Volume":3562200}