{"Date":"2015-07-07","Open":40.669998,"High":41.299999,"Low":39.959999,"Close":41.18,"Adj Close":37.476955,"Volume":9136400}