{"Date":"2015-05-14","Open":47.34,"High":47.779999,"Low":46.869999,"Close":47.400002,"Adj Close":43.13763,"Volume":8820200}