{"Date":"2017-02-21","Open":51.299999,"High":51.529999,"Low":50.970001,"Close":51.209999,"Adj Close":47.642029,"Volume":6406500}