{"Date":"2018-01-17","Open":59.630001,"High":60.16,"Low":59.470001,"Close":59.720001,"Adj Close":56.721188,"Volume":6088100}