{"Date":"2016-03-02","Open":48.099998,"High":48.580002,"Low":47.610001,"Close":48.549999,"Adj Close":44.571823,"Volume":8938300}