{"Date":"2015-07-02","Open":40.23,"High":41.029999,"Low":39.75,"Close":40.0,"Adj Close":36.403069,"Volume":11310800}