{"Date":"2017-05-09","Open":49.0,"High":49.939999,"Low":48.880001,"Close":49.560001,"Adj Close":46.290043,"Volume":8759600}