{"Date":"2017-04-26","Open":46.73,"High":47.060001,"Low":46.34,"Close":46.369999,"Adj Close":43.310513,"Volume":7610700}