{"Date":"2018-08-28","Open":57.950001,"High":58.869999,"Low":57.810001,"Close":58.790001,"Adj Close":56.879108,"Volume":7035300}