{"Date":"2015-04-29","Open":45.84,"High":46.0,"Low":44.259998,"Close":45.029999,"Adj Close":40.89674,"Volume":11460600}