{"Date":"2016-04-04","Open":47.110001,"High":48.32,"Low":46.759998,"Close":47.150002,"Adj Close":43.286526,"Volume":7863200}