{"Date":"2015-05-12","Open":46.32,"High":46.400002,"Low":45.950001,"Close":46.099998,"Adj Close":41.954525,"Volume":7549200}