{"Date":"2017-08-01","Open":49.779999,"High":50.200001,"Low":49.259998,"Close":50.07,"Adj Close":46.958454,"Volume":7849800}