{"Date":"2015-12-02","Open":49.169998,"High":49.330002,"Low":48.18,"Close":48.330002,"Adj Close":44.229561,"Volume":12810600}