{"Date":"2017-09-26","Open":48.459999,"High":49.049999,"Low":48.27,"Close":48.5,"Adj Close":45.779789,"Volume":5232000}