{"Date":"2019-01-30","Open":48.380001,"High":50.450001,"Low":48.360001,"Close":50.27,"Adj Close":48.941654,"Volume":13005200}