{"Date":"2017-01-03","Open":49.369999,"High":50.139999,"Low":49.169998,"Close":49.48,"Adj Close":46.03257,"Volume":5423200}