{"Date":"2016-03-09","Open":46.310001,"High":46.939999,"Low":46.220001,"Close":46.740002,"Adj Close":42.91013,"Volume":8448900}