{"Date":"2015-05-29","Open":42.189999,"High":43.189999,"Low":41.889999,"Close":42.919998,"Adj Close":39.060493,"Volume":12538000}