{"Date":"2019-01-09","Open":47.099998,"High":48.720001,"Low":46.919998,"Close":48.470001,"Adj Close":47.189224,"Volume":8095300}