{"Date":"2015-05-08","Open":45.599998,"High":46.43,"Low":45.599998,"Close":46.169998,"Adj Close":42.018234,"Volume":9936500}