{"Date":"2019-03-14","Open":51.380001,"High":52.080002,"Low":50.84,"Close":50.939999,"Adj Close":49.940552,"Volume":8048800}