{"Date":"2016-06-06","Open":41.540001,"High":41.599998,"Low":41.0,"Close":41.279999,"Adj Close":38.019608,"Volume":11538400}