{"Date":"2015-06-10","Open":40.619999,"High":41.560001,"Low":40.34,"Close":41.060001,"Adj Close":37.367744,"Volume":11590200}