{"Date":"2016-10-28","Open":41.389999,"High":41.880001,"Low":41.0,"Close":41.34,"Adj Close":38.283554,"Volume":8474700}