{"Date":"2016-01-11","Open":46.990002,"High":47.290001,"Low":45.57,"Close":46.740002,"Adj Close":42.77446,"Volume":12096400}