{"Date":"2016-04-22","Open":43.43,"High":44.669998,"Low":43.16,"Close":44.619999,"Adj Close":40.963844,"Volume":14258600}