{"Date":"2017-04-06","Open":45.119999,"High":45.66,"Low":44.869999,"Close":45.259998,"Adj Close":42.27375,"Volume":6080400}