{"Date":"2015-05-11","Open":46.040001,"High":47.34,"Low":45.900002,"Close":46.810001,"Adj Close":42.600685,"Volume":12461400}