{"Date":"2016-11-23","Open":48.790001,"High":49.290001,"Low":48.630001,"Close":49.209999,"Adj Close":45.781384,"Volume":4723700}