{"Date":"2017-09-05","Open":46.77,"High":47.27,"Low":45.740002,"Close":45.84,"Adj Close":43.268982,"Volume":11344700}