{"Date":"2016-02-09","Open":40.349998,"High":42.490002,"Low":40.029999,"Close":41.98,"Adj Close":38.418312,"Volume":12082600}