{"Date":"2017-03-29","Open":46.419998,"High":46.650002,"Low":45.73,"Close":45.950001,"Adj Close":42.918224,"Volume":6321100}