{"Date":"2017-08-21","Open":47.490002,"High":47.900002,"Low":47.349998,"Close":47.810001,"Adj Close":45.12849,"Volume":4650400}