{"Date":"2016-07-15","Open":40.459999,"High":40.540001,"Low":39.709999,"Close":39.98,"Adj Close":36.822289,"Volume":15192400}