{"Date":"2018-03-20","Open":56.16,"High":56.720001,"Low":55.950001,"Close":56.5,"Adj Close":53.972549,"Volume":4363500}