{"Date":"2015-10-30","Open":50.5,"High":51.450001,"Low":50.290001,"Close":50.84,"Adj Close":46.403446,"Volume":7052500}