{"Date":"2016-09-27","Open":38.0,"High":39.25,"Low":37.98,"Close":39.209999,"Adj Close":36.311024,"Volume":9596600}