{"Date":"2018-12-28","Open":50.529999,"High":51.099998,"Low":49.709999,"Close":50.18,"Adj Close":48.854034,"Volume":5854800}