{"Date":"2018-11-28","Open":58.369999,"High":58.93,"Low":57.709999,"Close":58.869999,"Adj Close":57.314411,"Volume":6204000}