{"Date":"2017-07-06","Open":54.18,"High":54.84,"Low":53.889999,"Close":54.369999,"Adj Close":50.991238,"Volume":6221400}