{"Date":"2017-06-08","Open":52.27,"High":53.450001,"Low":52.200001,"Close":52.84,"Adj Close":49.556313,"Volume":9057200}