{"Date":"2016-06-23","Open":39.0,"High":39.07,"Low":37.73,"Close":38.310001,"Adj Close":35.284187,"Volume":10956200}