{"Date":"2018-06-14","Open":54.779999,"High":55.5,"Low":54.610001,"Close":54.900002,"Adj Close":52.755825,"Volume":5456100}