{"Date":"2015-05-28","Open":42.639999,"High":43.130001,"Low":42.169998,"Close":42.25,"Adj Close":38.450737,"Volume":10886600}