{"Date":"2015-05-13","Open":47.389999,"High":47.98,"Low":46.450001,"Close":46.779999,"Adj Close":42.573387,"Volume":16830900}