{"Date":"2018-02-23","Open":52.799999,"High":53.48,"Low":52.630001,"Close":53.459999,"Adj Close":51.068535,"Volume":4270200}