{"Date":"2016-01-19","Open":45.799999,"High":46.75,"Low":45.189999,"Close":45.959999,"Adj Close":42.060631,"Volume":16014700}