{"Date":"2016-03-04","Open":49.060001,"High":49.099998,"Low":48.470001,"Close":48.669998,"Adj Close":44.681976,"Volume":8516400}