{"Date":"2016-11-07","Open":43.400002,"High":44.610001,"Low":43.029999,"Close":44.209999,"Adj Close":40.941357,"Volume":11534700}