{"Date":"2017-08-17","Open":50.02,"High":50.150002,"Low":47.5,"Close":47.529999,"Adj Close":44.576302,"Volume":12043200}