{"Date":"2019-02-25","Open":51.810001,"High":51.869999,"Low":51.27,"Close":51.41,"Adj Close":50.051533,"Volume":6180400}