{"Date":"2016-08-24","Open":36.630001,"High":37.049999,"Low":36.470001,"Close":36.77,"Adj Close":34.051434,"Volume":7548000}