{"Date":"2015-06-08","Open":42.369999,"High":42.619999,"Low":40.650002,"Close":40.75,"Adj Close":37.085629,"Volume":18359700}