{"Date":"2015-06-29","Open":41.77,"High":42.450001,"Low":41.080002,"Close":41.119999,"Adj Close":37.42234,"Volume":7881500}