{"Date":"2016-03-16","Open":47.470001,"High":48.799999,"Low":47.369999,"Close":48.77,"Adj Close":44.773792,"Volume":6376600}