{"Date":"2018-07-02","Open":49.25,"High":50.169998,"Low":48.91,"Close":49.919998,"Adj Close":47.970325,"Volume":8300000}