{"Date":"2019-01-14","Open":47.57,"High":47.900002,"Low":46.400002,"Close":47.75,"Adj Close":46.488247,"Volume":10095100}