{"Date":"2015-07-23","Open":46.299999,"High":46.639999,"Low":45.049999,"Close":45.16,"Adj Close":41.099064,"Volume":11449800}