{"Date":"2017-10-18","Open":52.849998,"High":53.119999,"Low":52.669998,"Close":52.860001,"Adj Close":49.895248,"Volume":5402400}