{"Date":"2016-03-31","Open":49.369999,"High":49.740002,"Low":48.66,"Close":48.68,"Adj Close":44.691166,"Volume":6550500}