{"Date":"2017-07-28","Open":49.990002,"High":50.380001,"Low":49.400002,"Close":50.330002,"Adj Close":47.202301,"Volume":8652600}