{"Date":"2018-12-24","Open":49.25,"High":49.450001,"Low":47.900002,"Close":47.959999,"Adj Close":46.692696,"Volume":5381300}