{"Date":"2018-06-07","Open":53.91,"High":54.07,"Low":52.889999,"Close":53.459999,"Adj Close":51.37207,"Volume":6858000}