{"Date":"2015-10-21","Open":49.799999,"High":50.59,"Low":49.34,"Close":49.439999,"Adj Close":45.125626,"Volume":7607300}