{"Date":"2015-12-29","Open":51.93,"High":52.41,"Low":51.889999,"Close":52.169998,"Adj Close":47.743774,"Volume":4300100}