{"Date":"2018-07-31","Open":53.93,"High":55.049999,"Low":53.810001,"Close":54.419998,"Adj Close":52.65115,"Volume":6048100}