{"Date":"2015-07-09","Open":40.580002,"High":41.09,"Low":40.490002,"Close":40.549999,"Adj Close":36.903603,"Volume":8541600}