{"Date":"2018-07-05","Open":49.099998,"High":49.279999,"Low":48.52,"Close":49.259998,"Adj Close":47.336102,"Volume":6335900}