{"Date":"2018-11-12","Open":56.599998,"High":57.189999,"Low":56.200001,"Close":56.700001,"Adj Close":55.201752,"Volume":4553900}