{"Date":"2017-03-20","Open":47.23,"High":47.23,"Low":46.549999,"Close":46.849998,"Adj Close":43.758839,"Volume":5867100}