{"Date":"2018-11-09","Open":56.830002,"High":57.209999,"Low":56.380001,"Close":56.650002,"Adj Close":55.153069,"Volume":6061600}