{"Date":"2018-01-22","Open":59.900002,"High":60.16,"Low":59.389999,"Close":60.130001,"Adj Close":57.110603,"Volume":7055600}