{"Date":"2007-06-13","Open":18.48,"High":18.700001,"Low":18.360001,"Close":18.639999,"Adj Close":16.672373,"Volume":3110200}