{"Date":"2015-06-05","Open":42.830002,"High":43.150002,"Low":42.279999,"Close":42.900002,"Adj Close":39.042282,"Volume":9897200}