{"Date":"2017-02-09","Open":48.099998,"High":49.549999,"Low":48.099998,"Close":49.330002,"Adj Close":45.893024,"Volume":7274700}