{"Date":"2018-03-07","Open":53.360001,"High":53.66,"Low":53.130001,"Close":53.529999,"Adj Close":51.135399,"Volume":4554400}