{"Date":"2017-06-26","Open":53.02,"High":53.790001,"Low":52.700001,"Close":52.869999,"Adj Close":49.584454,"Volume":6127500}