{"Date":"2017-06-30","Open":54.0,"High":54.279999,"Low":53.73,"Close":53.740002,"Adj Close":50.400387,"Volume":5012800}