{"Date":"2016-02-22","Open":46.720001,"High":48.91,"Low":46.720001,"Close":48.82,"Adj Close":44.819695,"Volume":12748800}