{"Date":"2008-02-19","Open":17.629999,"High":17.629999,"Low":16.49,"Close":16.77,"Adj Close":14.999768,"Volume":4181100}