{"Date":"2017-09-14","Open":48.900002,"High":48.919998,"Low":48.139999,"Close":48.27,"Adj Close":45.562695,"Volume":6283900}