{"Date":"2018-06-11","Open":54.360001,"High":55.84,"Low":54.240002,"Close":54.889999,"Adj Close":52.746223,"Volume":6800800}