{"Date":"2018-10-23","Open":53.299999,"High":53.650002,"Low":52.029999,"Close":53.450001,"Adj Close":51.712688,"Volume":7679800}