{"Date":"2017-07-19","Open":53.77,"High":54.34,"Low":53.099998,"Close":53.790001,"Adj Close":50.447273,"Volume":10733000}