{"Date":"2018-08-27","Open":57.470001,"High":57.93,"Low":57.27,"Close":57.75,"Adj Close":55.872921,"Volume":4278900}