{"Date":"2018-09-06","Open":57.209999,"High":57.52,"Low":56.18,"Close":56.439999,"Adj Close":54.605495,"Volume":7618100}