{"Date":"2015-11-03","Open":51.650002,"High":52.0,"Low":50.849998,"Close":51.0,"Adj Close":46.549492,"Volume":10988100}