{"Date":"2017-05-19","Open":47.849998,"High":48.639999,"Low":47.810001,"Close":48.200001,"Adj Close":45.204666,"Volume":6137000}