{"Date":"2016-10-13","Open":38.529999,"High":40.880001,"Low":37.91,"Close":40.009998,"Adj Close":37.051888,"Volume":24274100}