{"Date":"2018-11-27","Open":57.310001,"High":59.0,"Low":57.279999,"Close":58.310001,"Adj Close":56.769207,"Volume":8879800}