{"Date":"2018-12-26","Open":48.400002,"High":50.459999,"Low":47.91,"Close":50.41,"Adj Close":49.077957,"Volume":7452700}