{"Date":"2018-03-29","Open":54.02,"High":55.220001,"Low":53.75,"Close":54.810001,"Adj Close":52.358147,"Volume":5960300}