{"Date":"2015-11-10","Open":50.599998,"High":51.0,"Low":49.549999,"Close":50.299999,"Adj Close":46.032425,"Volume":7348900}