{"Date":"2017-10-13","Open":53.110001,"High":54.040001,"Low":53.02,"Close":53.959999,"Adj Close":50.933552,"Volume":7242800}