{"Date":"2018-12-11","Open":56.689999,"High":56.959999,"Low":55.630001,"Close":55.889999,"Adj Close":54.413147,"Volume":7319200}