{"Date":"2016-08-23","Open":36.779999,"High":37.130001,"Low":36.619999,"Close":36.689999,"Adj Close":33.977345,"Volume":7588400}