{"Date":"2015-12-15","Open":50.669998,"High":51.41,"Low":50.07,"Close":51.150002,"Adj Close":46.81031,"Volume":8084800}