{"Date":"2017-01-30","Open":48.950001,"High":48.950001,"Low":47.540001,"Close":47.669998,"Adj Close":44.348675,"Volume":12745600}