{"Date":"2017-09-28","Open":47.459999,"High":48.720001,"Low":47.459999,"Close":48.310001,"Adj Close":45.600441,"Volume":8309100}