{"Date":"2017-10-11","Open":53.380001,"High":53.970001,"Low":52.5,"Close":53.07,"Adj Close":50.093472,"Volume":11817800}