{"Date":"2018-09-24","Open":59.16,"High":59.16,"Low":57.130001,"Close":57.41,"Adj Close":55.543964,"Volume":6640000}