{"Date":"2017-04-20","Open":45.41,"High":46.169998,"Low":45.25,"Close":45.93,"Adj Close":42.899548,"Volume":7679200}