{"Date":"2017-02-03","Open":47.52,"High":48.0,"Low":47.41,"Close":47.810001,"Adj Close":44.478931,"Volume":5632300}