{"Date":"2017-09-15","Open":48.049999,"High":48.450001,"Low":47.849998,"Close":48.25,"Adj Close":45.543812,"Volume":17746200}