{"Date":"2017-08-16","Open":50.240002,"High":50.5,"Low":50.07,"Close":50.130001,"Adj Close":47.014729,"Volume":3696000}