{"Date":"2017-08-31","Open":47.0,"High":47.34,"Low":46.84,"Close":47.189999,"Adj Close":44.543255,"Volume":5937200}