{"Date":"2015-10-06","Open":46.73,"High":47.240002,"Low":45.0,"Close":45.09,"Adj Close":41.15522,"Volume":9081000}