{"Date":"2018-04-20","Open":55.23,"High":55.82,"Low":55.16,"Close":55.400002,"Adj Close":52.921753,"Volume":7445700}