{"Date":"2016-05-03","Open":42.919998,"High":43.200001,"Low":41.830002,"Close":42.919998,"Adj Close":39.403137,"Volume":14319500}