{"Date":"2018-09-17","Open":57.790001,"High":58.360001,"Low":57.790001,"Close":57.959999,"Adj Close":56.076092,"Volume":3944600}