{"Date":"2016-02-25","Open":49.080002,"High":49.450001,"Low":48.669998,"Close":49.200001,"Adj Close":45.168556,"Volume":7524800}