{"Date":"2017-12-12","Open":54.470001,"High":54.790001,"Low":53.540001,"Close":53.619999,"Adj Close":50.92749,"Volume":6030500}