{"Date":"2019-01-22","Open":48.049999,"High":48.049999,"Low":46.84,"Close":47.099998,"Adj Close":45.855419,"Volume":8144400}