{"Date":"2018-06-29","Open":49.810001,"High":50.32,"Low":49.509998,"Close":49.540001,"Adj Close":47.605167,"Volume":6703900}