{"Date":"2017-05-18","Open":47.639999,"High":48.290001,"Low":47.549999,"Close":47.66,"Adj Close":44.698223,"Volume":5071000}