{"Date":"2015-09-14","Open":46.970001,"High":47.290001,"Low":46.599998,"Close":46.889999,"Adj Close":42.798141,"Volume":5253000}