{"Date":"2007-06-01","Open":19.1,"High":19.799999,"Low":19.049999,"Close":19.549999,"Adj Close":17.486309,"Volume":2299400}