{"Date":"2019-03-29","Open":50.73,"High":51.75,"Low":50.380001,"Close":51.650002,"Adj Close":50.636623,"Volume":9162100}