{"Date":"2017-09-20","Open":48.0,"High":48.599998,"Low":47.779999,"Close":48.040001,"Adj Close":45.345592,"Volume":5535000}