{"Date":"2015-05-20","Open":45.860001,"High":45.93,"Low":43.16,"Close":43.619999,"Adj Close":39.69754,"Volume":37638100}