{"Date":"2018-09-20","Open":58.200001,"High":58.459999,"Low":57.900002,"Close":58.130001,"Adj Close":56.240566,"Volume":3448100}