{"Date":"2015-05-04","Open":45.91,"High":46.5,"Low":45.119999,"Close":45.290001,"Adj Close":41.13287,"Volume":9653100}