{"Date":"2016-03-21","Open":50.040001,"High":50.5,"Low":49.939999,"Close":50.119999,"Adj Close":46.013172,"Volume":7284700}