{"Date":"2016-04-29","Open":42.549999,"High":42.709999,"Low":41.220001,"Close":41.669998,"Adj Close":38.255558,"Volume":16658500}