{"Date":"2015-10-19","Open":49.209999,"High":50.580002,"Low":49.130001,"Close":50.27,"Adj Close":45.88319,"Volume":11037800}