{"Date":"2018-03-23","Open":54.779999,"High":55.209999,"Low":53.84,"Close":53.900002,"Adj Close":51.488857,"Volume":7321400}