{"Date":"2016-07-25","Open":39.169998,"High":39.259998,"Low":38.549999,"Close":38.959999,"Adj Close":35.882847,"Volume":7160500}