{"Date":"2017-10-31","Open":50.299999,"High":50.560001,"Low":49.950001,"Close":50.029999,"Adj Close":47.223972,"Volume":4755400}