{"Date":"2016-07-07","Open":35.540001,"High":36.48,"Low":35.5,"Close":36.369999,"Adj Close":33.49741,"Volume":8775800}