{"Date":"2015-05-22","Open":43.98,"High":44.0,"Low":43.130001,"Close":43.18,"Adj Close":39.297108,"Volume":10619900}