{"Date":"2018-05-24","Open":53.529999,"High":54.57,"Low":53.529999,"Close":54.400002,"Adj Close":52.275364,"Volume":5251200}