{"Date":"2017-07-26","Open":51.150002,"High":51.27,"Low":50.630001,"Close":51.130001,"Adj Close":47.952579,"Volume":8065100}