{"Date":"2015-05-26","Open":43.419998,"High":43.470001,"Low":41.720001,"Close":41.849998,"Adj Close":38.0867,"Volume":18594400}