{"Date":"2017-08-24","Open":46.48,"High":46.5,"Low":45.0,"Close":45.209999,"Adj Close":42.674309,"Volume":13780200}