{"Date":"2016-10-27","Open":41.619999,"High":42.25,"Low":40.919998,"Close":41.470001,"Adj Close":38.403934,"Volume":9546700}