{"Date":"2016-06-24","Open":36.09,"High":37.080002,"Low":35.169998,"Close":35.18,"Adj Close":32.401398,"Volume":26090700}