{"Date":"2019-01-07","Open":48.0,"High":48.439999,"Low":47.130001,"Close":47.849998,"Adj Close":46.585602,"Volume":9375500}