{"Date":"2017-05-10","Open":49.349998,"High":49.990002,"Low":49.200001,"Close":49.970001,"Adj Close":46.672997,"Volume":7548700}