{"Date":"2015-09-25","Open":46.52,"High":46.84,"Low":45.59,"Close":46.040001,"Adj Close":42.022316,"Volume":6882900}