{"Date":"2018-08-20","Open":55.970001,"High":57.700001,"Low":55.860001,"Close":57.419998,"Adj Close":55.553642,"Volume":7005800}