{"Date":"2017-11-29","Open":50.830002,"High":52.75,"Low":50.700001,"Close":52.099998,"Adj Close":49.483826,"Volume":10936400}