{"Date":"2016-06-21","Open":38.669998,"High":39.0,"Low":38.049999,"Close":38.669998,"Adj Close":35.615749,"Volume":11997900}