{"Date":"2018-05-08","Open":52.060001,"High":53.060001,"Low":51.950001,"Close":52.369999,"Adj Close":50.027302,"Volume":6361100}