{"Date":"2015-09-09","Open":46.939999,"High":47.189999,"Low":45.900002,"Close":46.009998,"Adj Close":41.994942,"Volume":9614000}