{"Date":"2016-09-21","Open":37.790001,"High":38.299999,"Low":37.48,"Close":38.049999,"Adj Close":35.23679,"Volume":8529600}