{"Date":"2018-09-19","Open":57.860001,"High":58.27,"Low":57.75,"Close":57.900002,"Adj Close":56.01804,"Volume":3423000}