{"Date":"2017-02-06","Open":48.189999,"High":48.68,"Low":47.93,"Close":48.259998,"Adj Close":44.897568,"Volume":7169200}