{"Date":"2015-11-20","Open":48.470001,"High":48.869999,"Low":48.43,"Close":48.759998,"Adj Close":44.623081,"Volume":6878200}