{"Date":"2017-10-23","Open":53.299999,"High":53.360001,"Low":52.23,"Close":52.279999,"Adj Close":49.347778,"Volume":4095100}