{"Date":"2015-04-23","Open":46.27,"High":46.93,"Low":46.119999,"Close":46.43,"Adj Close":42.168236,"Volume":10077000}