{"Date":"2016-09-09","Open":39.09,"High":39.389999,"Low":37.75,"Close":37.75,"Adj Close":34.958973,"Volume":11696700}