{"Date":"2018-08-10","Open":54.779999,"High":54.830002,"Low":53.849998,"Close":54.709999,"Adj Close":52.931728,"Volume":4204400}