{"Date":"2018-10-02","Open":55.439999,"High":55.599998,"Low":54.209999,"Close":54.689999,"Adj Close":52.91238,"Volume":8604600}