{"Date":"2018-05-18","Open":53.009998,"High":53.23,"Low":52.810001,"Close":52.950001,"Adj Close":50.881985,"Volume":5819000}