{"Date":"2015-11-13","Open":49.82,"High":50.080002,"Low":48.75,"Close":48.990002,"Adj Close":44.833565,"Volume":9207300}