{"Date":"2017-09-27","Open":48.900002,"High":49.279999,"Low":47.119999,"Close":47.720001,"Adj Close":45.043533,"Volume":11658300}