{"Date":"2017-11-16","Open":49.459999,"High":50.650002,"Low":49.419998,"Close":50.450001,"Adj Close":47.916679,"Volume":6969900}