{"Date":"2015-07-24","Open":45.610001,"High":45.639999,"Low":43.759998,"Close":44.099998,"Adj Close":40.13438,"Volume":8550100}