{"Date":"2015-07-31","Open":44.150002,"High":44.400002,"Low":43.880001,"Close":44.34,"Adj Close":40.352795,"Volume":5973700}