{"Date":"2015-06-11","Open":41.330002,"High":41.790001,"Low":40.740002,"Close":40.799999,"Adj Close":37.13113,"Volume":9259100}