{"Date":"2017-09-01","Open":47.419998,"High":47.849998,"Low":47.290001,"Close":47.52,"Adj Close":44.854752,"Volume":6099600}