{"Date":"2016-11-02","Open":41.84,"High":42.369999,"Low":41.720001,"Close":41.93,"Adj Close":38.829926,"Volume":10361500}