{"Date":"2019-01-02","Open":49.25,"High":50.16,"Low":48.880001,"Close":50.09,"Adj Close":48.766411,"Volume":5270700}