{"Date":"2017-06-09","Open":52.900002,"High":53.57,"Low":52.66,"Close":53.009998,"Adj Close":49.715748,"Volume":9709000}