{"Date":"2015-09-10","Open":46.290001,"High":47.0,"Low":46.119999,"Close":46.490002,"Adj Close":42.433052,"Volume":8754700}