{"Date":"2017-06-20","Open":52.68,"High":52.799999,"Low":51.66,"Close":51.759998,"Adj Close":48.543427,"Volume":7050100}