{"Date":"2019-02-27","Open":50.970001,"High":51.029999,"Low":49.950001,"Close":50.43,"Adj Close":49.097431,"Volume":9041600}