{"Date":"2016-07-26","Open":38.970001,"High":39.330002,"Low":38.610001,"Close":39.029999,"Adj Close":35.947315,"Volume":9038700}