{"Date":"2018-02-05","Open":54.0,"High":54.720001,"Low":52.5,"Close":52.52,"Adj Close":49.882736,"Volume":9476700}