{"Date":"2018-06-01","Open":54.419998,"High":54.73,"Low":54.07,"Close":54.419998,"Adj Close":52.294575,"Volume":4317800}