{"Date":"2017-05-23","Open":48.560001,"High":48.830002,"Low":48.310001,"Close":48.59,"Adj Close":45.570427,"Volume":5592300}