{"Date":"2018-12-19","Open":53.200001,"High":53.34,"Low":51.41,"Close":51.93,"Adj Close":50.557789,"Volume":8003600}