{"Date":"2017-11-20","Open":49.84,"High":49.900002,"Low":49.119999,"Close":49.790001,"Adj Close":47.289825,"Volume":4254700}