{"Date":"2016-05-27","Open":42.830002,"High":43.439999,"Low":42.810001,"Close":43.119999,"Adj Close":39.714283,"Volume":5509400}