{"Date":"2018-07-19","Open":52.860001,"High":53.240002,"Low":52.43,"Close":53.0,"Adj Close":50.930038,"Volume":6391400}