{"Date":"2017-08-18","Open":47.720001,"High":48.119999,"Low":47.299999,"Close":47.529999,"Adj Close":44.576302,"Volume":8395100}