{"Date":"2015-06-26","Open":42.779999,"High":42.900002,"Low":42.060001,"Close":42.349998,"Adj Close":38.541744,"Volume":15144800}