{"Date":"2017-08-29","Open":46.139999,"High":46.799999,"Low":45.860001,"Close":46.619999,"Adj Close":44.00523,"Volume":5648800}