{"Date":"2015-07-15","Open":42.59,"High":44.43,"Low":42.400002,"Close":43.990002,"Adj Close":40.034267,"Volume":23558400}