{"Date":"2018-04-10","Open":53.349998,"High":53.380001,"Low":51.43,"Close":52.360001,"Adj Close":50.017746,"Volume":12220000}