{"Date":"2018-06-21","Open":53.799999,"High":54.310001,"Low":53.400002,"Close":53.73,"Adj Close":51.631523,"Volume":4806800}