{"Date":"2019-02-06","Open":50.169998,"High":50.779999,"Low":49.860001,"Close":50.52,"Adj Close":49.185047,"Volume":6228100}