{"Date":"2016-12-19","Open":50.220001,"High":50.740002,"Low":50.189999,"Close":50.419998,"Adj Close":46.907078,"Volume":4998300}