{"Date":"2016-12-27","Open":49.950001,"High":50.610001,"Low":49.93,"Close":50.360001,"Adj Close":46.851257,"Volume":3365600}