{"Date":"2017-03-24","Open":46.099998,"High":46.310001,"Low":45.599998,"Close":46.0,"Adj Close":42.964928,"Volume":6290300}