{"Date":"2016-08-05","Open":36.98,"High":37.73,"Low":36.860001,"Close":37.669998,"Adj Close":34.694733,"Volume":8097500}