{"Date":"2007-06-11","Open":18.549999,"High":18.82,"Low":18.219999,"Close":18.379999,"Adj Close":16.439817,"Volume":1870000}