{"Date":"2015-07-06","Open":39.880001,"High":40.790001,"Low":39.880001,"Close":40.48,"Adj Close":36.839901,"Volume":9714600}