{"Date":"2018-10-12","Open":52.560001,"High":52.709999,"Low":51.360001,"Close":52.049999,"Adj Close":50.358189,"Volume":9677300}