{"Date":"2015-08-17","Open":47.77,"High":48.25,"Low":47.32,"Close":47.990002,"Adj Close":43.802166,"Volume":8136600}