{"Date":"2018-03-01","Open":53.869999,"High":54.959999,"Low":53.009998,"Close":53.349998,"Adj Close":50.963451,"Volume":7876800}