{"Date":"2017-10-02","Open":48.349998,"High":48.52,"Low":47.900002,"Close":48.07,"Adj Close":45.373901,"Volume":8604800}