{"Date":"2016-09-15","Open":37.09,"High":37.619999,"Low":36.82,"Close":37.290001,"Adj Close":34.532978,"Volume":9159400}