{"Date":"2017-02-17","Open":50.59,"High":51.23,"Low":50.189999,"Close":51.23,"Adj Close":47.660637,"Volume":5428000}