{"Date":"2018-04-13","Open":53.619999,"High":54.439999,"Low":52.5,"Close":52.919998,"Adj Close":50.552689,"Volume":9925900}