{"Date":"2018-04-03","Open":52.490002,"High":53.77,"Low":52.27,"Close":53.720001,"Adj Close":51.316902,"Volume":6776300}