{"Date":"2018-11-19","Open":56.0,"High":56.59,"Low":55.759998,"Close":56.189999,"Adj Close":54.705227,"Volume":5640400}