{"Date":"2017-06-16","Open":51.549999,"High":52.0,"Low":51.25,"Close":52.0,"Adj Close":48.768513,"Volume":6254500}