{"Date":"2017-10-04","Open":51.220001,"High":52.07,"Low":50.98,"Close":51.560001,"Adj Close":48.668163,"Volume":8265100}