{"Date":"2016-12-06","Open":48.209999,"High":49.490002,"Low":48.110001,"Close":49.43,"Adj Close":45.986053,"Volume":9142600}