{"Date":"2016-02-05","Open":44.139999,"High":44.549999,"Low":41.669998,"Close":42.009998,"Adj Close":38.445766,"Volume":14206000}