{"Date":"2018-03-14","Open":56.619999,"High":57.259998,"Low":56.009998,"Close":56.150002,"Adj Close":53.638203,"Volume":7157000}