{"Date":"2015-09-23","Open":46.5,"High":46.880001,"Low":45.93,"Close":46.59,"Adj Close":42.524319,"Volume":4872500}