{"Date":"2016-01-22","Open":47.09,"High":47.490002,"Low":46.529999,"Close":46.759998,"Adj Close":42.792767,"Volume":9419500}