{"Date":"2018-08-23","Open":56.810001,"High":57.32,"Low":56.720001,"Close":56.939999,"Adj Close":55.089241,"Volume":3051900}