{"Date":"2017-04-03","Open":45.959999,"High":46.34,"Low":45.57,"Close":46.32,"Adj Close":43.263809,"Volume":7398100}