{"Date":"2018-09-07","Open":56.080002,"High":57.68,"Low":55.689999,"Close":56.860001,"Adj Close":55.011848,"Volume":6307600}