{"Date":"2015-07-21","Open":44.080002,"High":44.73,"Low":44.080002,"Close":44.650002,"Adj Close":40.634914,"Volume":6166500}