{"Date":"2018-01-11","Open":57.099998,"High":59.200001,"Low":56.259998,"Close":58.52,"Adj Close":55.581448,"Volume":25935300}