{"Date":"2016-02-12","Open":43.0,"High":43.139999,"Low":42.139999,"Close":42.990002,"Adj Close":39.467403,"Volume":7552700}