{"Date":"2017-08-10","Open":49.57,"High":49.650002,"Low":48.98,"Close":49.040001,"Adj Close":45.992462,"Volume":8925200}