{"Date":"2018-03-09","Open":54.939999,"High":56.09,"Low":54.580002,"Close":56.09,"Adj Close":53.580887,"Volume":6975900}