{"Date":"2017-10-16","Open":53.779999,"High":53.849998,"Low":53.279999,"Close":53.619999,"Adj Close":50.612621,"Volume":4810900}