{"Date":"2019-02-28","Open":50.09,"High":50.169998,"Low":49.540001,"Close":49.580002,"Adj Close":48.607239,"Volume":9483800}