{"Date":"2015-08-24","Open":39.5,"High":44.16,"Low":34.610001,"Close":42.150002,"Adj Close":38.471783,"Volume":15222400}