{"Date":"2016-08-04","Open":36.52,"High":36.68,"Low":36.02,"Close":36.540001,"Adj Close":33.65398,"Volume":8825300}