{"Date":"2019-02-11","Open":50.610001,"High":51.029999,"Low":50.599998,"Close":50.610001,"Adj Close":49.272671,"Volume":6963900}