{"Date":"2016-08-17","Open":37.029999,"High":37.529999,"Low":36.709999,"Close":37.509998,"Adj Close":34.736713,"Volume":10427900}