{"Date":"2015-11-17","Open":48.060001,"High":49.060001,"Low":47.720001,"Close":47.77,"Adj Close":43.717072,"Volume":10417300}