{"Date":"2016-06-16","Open":38.369999,"High":38.57,"Low":37.84,"Close":38.02,"Adj Close":35.017094,"Volume":13086600}