{"Date":"2016-06-14","Open":40.41,"High":40.560001,"Low":38.639999,"Close":39.110001,"Adj Close":36.021,"Volume":15065800}