{"Date":"2016-12-21","Open":50.68,"High":51.150002,"Low":50.450001,"Close":50.919998,"Adj Close":47.372238,"Volume":4077700}