{"Date":"2015-10-20","Open":50.32,"High":50.77,"Low":49.799999,"Close":50.150002,"Adj Close":45.773666,"Volume":8745500}