{"Date":"2016-03-10","Open":47.0,"High":47.490002,"Low":46.279999,"Close":47.0,"Adj Close":43.148819,"Volume":8293400}