{"Date":"2016-09-22","Open":38.16,"High":38.959999,"Low":38.150002,"Close":38.5,"Adj Close":35.653519,"Volume":10917000}