{"Date":"2015-11-04","Open":51.259998,"High":51.259998,"Low":50.470001,"Close":50.66,"Adj Close":46.361885,"Volume":7353500}