{"Date":"2018-07-26","Open":51.66,"High":54.240002,"Low":51.509998,"Close":53.98,"Adj Close":52.225452,"Volume":10322100}