{"Date":"2016-08-30","Open":36.549999,"High":37.599998,"Low":36.380001,"Close":37.16,"Adj Close":34.41259,"Volume":9950600}