{"Date":"2018-10-16","Open":52.060001,"High":53.220001,"Low":52.02,"Close":53.110001,"Adj Close":51.383732,"Volume":6684000}