{"Date":"2016-10-05","Open":40.16,"High":40.48,"Low":40.049999,"Close":40.32,"Adj Close":37.338963,"Volume":7408700}