{"Date":"2019-02-15","Open":50.889999,"High":51.470001,"Low":50.57,"Close":51.080002,"Adj Close":49.730255,"Volume":6492000}