{"Date":"2015-11-25","Open":47.450001,"High":47.619999,"Low":46.369999,"Close":46.869999,"Adj Close":42.893436,"Volume":7731700}