{"Date":"2017-07-18","Open":54.5,"High":54.5,"Low":53.880001,"Close":53.959999,"Adj Close":50.606716,"Volume":6421200}