{"Date":"2016-06-10","Open":42.060001,"High":42.290001,"Low":41.41,"Close":42.040001,"Adj Close":38.719582,"Volume":6787900}