{"Date":"2017-11-30","Open":52.5,"High":53.5,"Low":52.27,"Close":52.919998,"Adj Close":50.262646,"Volume":9432600}