{"Date":"2018-06-27","Open":51.029999,"High":51.18,"Low":49.700001,"Close":49.889999,"Adj Close":47.941498,"Volume":9035800}