{"Date":"2016-02-18","Open":46.400002,"High":46.68,"Low":45.98,"Close":46.459999,"Adj Close":42.653072,"Volume":10946800}