{"Date":"2016-02-04","Open":43.779999,"High":44.369999,"Low":43.360001,"Close":44.040001,"Adj Close":40.303539,"Volume":9444000}