{"Date":"2016-07-22","Open":39.07,"High":39.189999,"Low":38.43,"Close":38.959999,"Adj Close":35.882847,"Volume":9579300}