{"Date":"2016-05-13","Open":40.75,"High":42.18,"Low":40.75,"Close":41.599998,"Adj Close":38.314335,"Volume":10758600}