{"Date":"2018-07-27","Open":53.950001,"High":54.77,"Low":53.919998,"Close":54.459999,"Adj Close":52.68985,"Volume":6561000}