{"Date":"2015-09-02","Open":44.650002,"High":46.0,"Low":44.349998,"Close":45.990002,"Adj Close":41.976681,"Volume":15227900}