{"Date":"2019-02-14","Open":50.07,"High":50.73,"Low":49.959999,"Close":50.48,"Adj Close":49.146107,"Volume":5780000}