{"Date":"2016-09-28","Open":39.299999,"High":40.23,"Low":39.110001,"Close":39.23,"Adj Close":36.329544,"Volume":10552400}