{"Date":"2017-06-01","Open":49.32,"High":50.07,"Low":49.299999,"Close":49.849998,"Adj Close":46.752129,"Volume":7431600}