{"Date":"2017-09-08","Open":46.98,"High":47.77,"Low":46.889999,"Close":47.450001,"Adj Close":44.788673,"Volume":6110700}