{"Date":"2015-05-05","Open":44.380001,"High":45.0,"Low":43.880001,"Close":43.900002,"Adj Close":39.870453,"Volume":11350400}