{"Date":"2018-07-06","Open":49.34,"High":49.779999,"Low":49.080002,"Close":49.580002,"Adj Close":47.643604,"Volume":4903000}