{"Date":"2017-08-15","Open":50.25,"High":50.330002,"Low":49.860001,"Close":49.919998,"Adj Close":46.817768,"Volume":4067600}