{"Date":"2017-12-28","Open":56.18,"High":56.509998,"Low":55.990002,"Close":56.349998,"Adj Close":53.520416,"Volume":3651800}