{"Date":"2017-11-08","Open":49.75,"High":50.400002,"Low":49.459999,"Close":50.060001,"Adj Close":47.252293,"Volume":3511700}