{"Date":"2015-05-27","Open":42.029999,"High":43.119999,"Low":42.029999,"Close":42.529999,"Adj Close":38.705551,"Volume":12382900}