{"Date":"2018-04-11","Open":52.0,"High":52.540001,"Low":51.360001,"Close":51.470001,"Adj Close":49.167557,"Volume":7799600}