{"Date":"2016-09-29","Open":39.060001,"High":39.68,"Low":39.02,"Close":39.029999,"Adj Close":36.144329,"Volume":7181000}