{"Date":"2017-12-21","Open":56.490002,"High":56.84,"Low":55.900002,"Close":56.029999,"Adj Close":53.21648,"Volume":8245100}