{"Date":"2018-01-24","Open":56.439999,"High":57.139999,"Low":55.560001,"Close":56.799999,"Adj Close":53.947815,"Volume":21197900}