{"Date":"2019-01-16","Open":48.889999,"High":49.18,"Low":47.41,"Close":47.5,"Adj Close":46.244854,"Volume":9823000}