{"Date":"2018-02-02","Open":56.080002,"High":56.27,"Low":54.540001,"Close":54.619999,"Adj Close":51.877281,"Volume":8963000}