{"Date":"2018-09-11","Open":57.330002,"High":58.459999,"Low":57.16,"Close":58.27,"Adj Close":56.376019,"Volume":4717500}