{"Date":"2018-01-16","Open":60.200001,"High":60.790001,"Low":58.900002,"Close":59.349998,"Adj Close":56.36977,"Volume":12082900}