{"Date":"2018-01-12","Open":59.110001,"High":60.5,"Low":58.91,"Close":59.830002,"Adj Close":56.825668,"Volume":12268400}