{"Date":"2015-12-28","Open":52.41,"High":52.720001,"Low":51.32,"Close":51.950001,"Adj Close":47.542435,"Volume":5295300}