{"Date":"2016-07-08","Open":36.900002,"High":37.75,"Low":36.860001,"Close":37.369999,"Adj Close":34.418434,"Volume":12621000}