{"Date":"2018-04-27","Open":53.27,"High":53.700001,"Low":53.09,"Close":53.5,"Adj Close":51.106743,"Volume":5699000}