{"Date":"2018-06-25","Open":52.279999,"High":52.599998,"Low":50.720001,"Close":51.310001,"Adj Close":49.306042,"Volume":7547800}