{"Date":"2018-01-09","Open":54.799999,"High":55.220001,"Low":53.880001,"Close":54.169998,"Adj Close":51.449879,"Volume":10374700}