{"Date":"2018-06-08","Open":53.060001,"High":54.139999,"Low":53.060001,"Close":54.09,"Adj Close":51.977459,"Volume":5858500}