{"Date":"2015-09-11","Open":46.5,"High":47.049999,"Low":46.27,"Close":46.919998,"Adj Close":42.825527,"Volume":7030100}