{"Date":"2019-02-07","Open":50.34,"High":50.669998,"Low":49.970001,"Close":50.41,"Adj Close":49.077957,"Volume":5673900}