{"Date":"2016-05-17","Open":42.790001,"High":44.400002,"Low":42.75,"Close":43.669998,"Adj Close":40.220837,"Volume":16203000}