{"Date":"2017-11-17","Open":50.049999,"High":50.189999,"Low":49.529999,"Close":49.82,"Adj Close":47.31831,"Volume":5005600}