{"Date":"2015-07-20","Open":45.099998,"High":45.099998,"Low":43.959999,"Close":44.09,"Adj Close":40.125278,"Volume":7746100}