{"Date":"2016-04-12","Open":46.830002,"High":47.259998,"Low":46.52,"Close":46.630001,"Adj Close":42.809139,"Volume":8254600}