{"Date":"2017-06-13","Open":52.259998,"High":52.84,"Low":51.459999,"Close":51.869999,"Adj Close":48.646595,"Volume":8280600}