{"Date":"2017-07-25","Open":51.919998,"High":52.209999,"Low":51.080002,"Close":51.139999,"Adj Close":47.961956,"Volume":5815200}