{"Date":"2015-10-01","Open":44.709999,"High":45.5,"Low":44.139999,"Close":45.41,"Adj Close":41.4473,"Volume":8096500}