{"Date":"2017-12-19","Open":56.200001,"High":56.380001,"Low":55.490002,"Close":55.75,"Adj Close":52.950542,"Volume":6444100}