{"Date":"2015-10-16","Open":48.740002,"High":49.130001,"Low":48.080002,"Close":49.119999,"Adj Close":44.833542,"Volume":14240400}