{"Date":"2016-11-29","Open":48.529999,"High":49.049999,"Low":48.23,"Close":48.59,"Adj Close":45.204578,"Volume":7057000}