{"Date":"2017-01-25","Open":49.990002,"High":50.43,"Low":49.810001,"Close":50.189999,"Adj Close":46.6931,"Volume":8096300}