{"Date":"2015-09-21","Open":46.77,"High":47.669998,"Low":46.689999,"Close":47.25,"Adj Close":43.126732,"Volume":7670500}