{"Date":"2018-08-22","Open":57.5,"High":57.5,"Low":56.779999,"Close":56.91,"Adj Close":55.060223,"Volume":4246100}