{"Date":"2019-02-22","Open":51.599998,"High":51.959999,"Low":51.240002,"Close":51.52,"Adj Close":50.15863,"Volume":5413200}