{"Date":"2017-09-13","Open":48.959999,"High":49.130001,"Low":48.639999,"Close":48.98,"Adj Close":46.232868,"Volume":6255100}