{"Date":"2017-11-01","Open":50.189999,"High":50.93,"Low":49.950001,"Close":50.349998,"Adj Close":47.526024,"Volume":5833700}