{"Date":"2015-05-19","Open":47.700001,"High":47.869999,"Low":46.110001,"Close":46.209999,"Adj Close":42.054642,"Volume":12749000}