{"Date":"2018-01-26","Open":55.310001,"High":55.900002,"Low":54.830002,"Close":55.259998,"Adj Close":52.485146,"Volume":9431500}