{"Date":"2019-01-23","Open":47.290001,"High":47.799999,"Low":46.939999,"Close":47.299999,"Adj Close":46.050133,"Volume":8099900}