{"Date":"2017-12-29","Open":56.529999,"High":56.689999,"Low":55.990002,"Close":56.0,"Adj Close":53.187992,"Volume":3120200}