{"Date":"2015-04-20","Open":45.139999,"High":45.82,"Low":44.759998,"Close":45.73,"Adj Close":41.532482,"Volume":8819100}