{"Date":"2018-05-30","Open":54.490002,"High":54.709999,"Low":53.669998,"Close":54.310001,"Adj Close":52.188869,"Volume":4149700}