{"Date":"2018-01-19","Open":59.689999,"High":60.02,"Low":59.080002,"Close":60.009998,"Adj Close":56.996624,"Volume":6192400}