{"Date":"2017-08-22","Open":47.919998,"High":48.07,"Low":47.09,"Close":47.150002,"Adj Close":44.505501,"Volume":6762800}