{"Date":"2016-11-16","Open":47.59,"High":47.740002,"Low":47.16,"Close":47.380001,"Adj Close":44.078884,"Volume":6886400}