{"Date":"2016-07-11","Open":37.669998,"High":38.450001,"Low":37.599998,"Close":38.119999,"Adj Close":35.109188,"Volume":11994100}