{"Date":"2016-03-22","Open":48.709999,"High":49.740002,"Low":48.200001,"Close":49.389999,"Adj Close":45.342987,"Volume":13352500}