{"Date":"2015-08-31","Open":43.970001,"High":44.599998,"Low":43.540001,"Close":43.779999,"Adj Close":39.959541,"Volume":8387000}