{"Date":"2016-05-25","Open":43.68,"High":44.110001,"Low":43.380001,"Close":43.5,"Adj Close":40.064278,"Volume":7600800}