{"Date":"2016-10-06","Open":40.259998,"High":40.380001,"Low":39.75,"Close":39.939999,"Adj Close":36.987061,"Volume":9184300}