{"Date":"2017-04-24","Open":46.5,"High":46.93,"Low":46.07,"Close":46.810001,"Adj Close":43.721489,"Volume":12522600}