{"Date":"2016-05-06","Open":41.610001,"High":42.259998,"Low":40.950001,"Close":42.040001,"Adj Close":38.595242,"Volume":10777200}