{"Date":"2017-01-06","Open":49.790001,"High":50.299999,"Low":49.220001,"Close":49.68,"Adj Close":46.218639,"Volume":6922700}