{"Date":"2017-03-14","Open":47.02,"High":47.07,"Low":46.119999,"Close":46.279999,"Adj Close":43.226452,"Volume":14313200}