{"Date":"2017-03-07","Open":48.52,"High":48.669998,"Low":47.57,"Close":47.639999,"Adj Close":44.496723,"Volume":10266200}