{"Date":"2015-12-17","Open":51.98,"High":52.77,"Low":51.02,"Close":51.029999,"Adj Close":46.700481,"Volume":10024900}