{"Date":"2019-02-20","Open":51.18,"High":51.639999,"Low":50.57,"Close":51.240002,"Adj Close":49.886024,"Volume":7497300}