{"Date":"2019-01-29","Open":48.41,"High":48.490002,"Low":47.869999,"Close":48.220001,"Adj Close":46.945827,"Volume":7476500}