{"Date":"2018-08-01","Open":54.790001,"High":54.869999,"Low":53.389999,"Close":53.59,"Adj Close":51.848137,"Volume":4203400}