{"Date":"2019-02-13","Open":50.049999,"High":50.73,"Low":49.889999,"Close":50.41,"Adj Close":49.077957,"Volume":5754900}