{"Date":"2019-02-21","Open":51.200001,"High":51.860001,"Low":51.099998,"Close":51.48,"Adj Close":50.119686,"Volume":6615000}