{"Date":"2017-03-22","Open":45.25,"High":45.84,"Low":44.470001,"Close":45.740002,"Adj Close":42.722084,"Volume":12064000}