{"Date":"2017-12-14","Open":54.880001,"High":55.599998,"Low":53.919998,"Close":55.25,"Adj Close":52.475651,"Volume":13621800}