{"Date":"2016-01-26","Open":46.490002,"High":46.900002,"Low":45.630001,"Close":46.110001,"Adj Close":42.197914,"Volume":8685100}