{"Date":"2017-11-03","Open":50.490002,"High":50.689999,"Low":49.880001,"Close":50.400002,"Adj Close":47.573219,"Volume":4145000}