{"Date":"2015-10-02","Open":44.939999,"High":44.939999,"Low":43.349998,"Close":44.869999,"Adj Close":40.954418,"Volume":10918900}