{"Date":"2015-09-15","Open":47.0,"High":47.119999,"Low":46.310001,"Close":46.889999,"Adj Close":42.798141,"Volume":8804600}