{"Date":"2018-06-04","Open":54.779999,"High":55.43,"Low":54.450001,"Close":55.189999,"Adj Close":53.034504,"Volume":4472400}