{"Date":"2018-02-14","Open":51.889999,"High":52.580002,"Low":51.75,"Close":52.200001,"Adj Close":49.578804,"Volume":7797900}