{"Date":"2015-06-12","Open":40.740002,"High":41.560001,"Low":40.580002,"Close":41.139999,"Adj Close":37.440548,"Volume":7838300}