{"Date":"2018-02-12","Open":51.220001,"High":52.490002,"Low":50.720001,"Close":52.049999,"Adj Close":49.436333,"Volume":10610200}