{"Date":"2016-04-20","Open":46.900002,"High":47.529999,"Low":46.580002,"Close":46.599998,"Adj Close":42.781601,"Volume":8397200}