{"Date":"2018-07-25","Open":51.259998,"High":51.720001,"Low":51.259998,"Close":51.66,"Adj Close":49.980862,"Volume":4727600}