{"Date":"2015-05-15","Open":47.830002,"High":47.939999,"Low":46.970001,"Close":47.0,"Adj Close":42.773602,"Volume":9614900}