{"Date":"2016-08-29","Open":36.27,"High":36.599998,"Low":36.259998,"Close":36.549999,"Adj Close":33.847694,"Volume":5674600}