{"Date":"2016-04-11","Open":46.869999,"High":47.799999,"Low":46.5,"Close":46.549999,"Adj Close":42.735699,"Volume":8880400}