{"Date":"2015-09-08","Open":46.220001,"High":46.650002,"Low":45.959999,"Close":46.59,"Adj Close":42.524319,"Volume":8177800}