{"Date":"2019-03-19","Open":50.990002,"High":51.389999,"Low":50.82,"Close":50.959999,"Adj Close":49.960159,"Volume":5606600}