{"Date":"2017-06-22","Open":52.990002,"High":53.200001,"Low":52.169998,"Close":52.810001,"Adj Close":49.528175,"Volume":7240900}