{"Date":"2016-11-04","Open":41.810001,"High":43.240002,"Low":41.75,"Close":42.880001,"Adj Close":39.709682,"Volume":10813000}