{"Date":"2018-11-30","Open":59.259998,"High":61.32,"Low":59.169998,"Close":60.709999,"Adj Close":59.105789,"Volume":10846900}