{"Date":"2018-12-21","Open":50.509998,"High":51.279999,"Low":49.290001,"Close":49.450001,"Adj Close":48.143326,"Volume":11680200}