{"Date":"2016-10-20","Open":40.82,"High":41.540001,"Low":40.73,"Close":41.459999,"Adj Close":38.394669,"Volume":14613500}