{"Date":"2017-06-02","Open":50.549999,"High":51.880001,"Low":50.5,"Close":51.189999,"Adj Close":48.00885,"Volume":11872100}