{"Date":"2018-09-27","Open":57.82,"High":58.580002,"Low":57.82,"Close":58.0,"Adj Close":56.114792,"Volume":3897600}