{"Date":"2017-04-04","Open":45.84,"High":46.049999,"Low":45.0,"Close":45.110001,"Adj Close":42.133652,"Volume":8765500}