{"Date":"2015-10-26","Open":50.889999,"High":51.470001,"Low":50.32,"Close":51.32,"Adj Close":46.841564,"Volume":5579300}