{"Date":"2016-04-13","Open":47.150002,"High":48.130001,"Low":46.860001,"Close":48.040001,"Adj Close":44.103607,"Volume":10882500}