{"Date":"2016-10-24","Open":41.389999,"High":41.75,"Low":41.150002,"Close":41.369999,"Adj Close":38.311321,"Volume":8714100}