{"Date":"2016-01-15","Open":43.880001,"High":45.360001,"Low":43.450001,"Close":44.5,"Adj Close":40.724506,"Volume":16408600}