{"Date":"2016-07-28","Open":38.5,"High":39.540001,"Low":38.25,"Close":39.360001,"Adj Close":36.251263,"Volume":7354100}