{"Date":"2018-02-20","Open":52.529999,"High":53.209999,"Low":52.299999,"Close":52.470001,"Adj Close":49.835247,"Volume":6719400}