{"Date":"2016-02-19","Open":46.459999,"High":47.150002,"Low":46.240002,"Close":46.720001,"Adj Close":42.891762,"Volume":10578700}