{"Date":"2015-06-16","Open":40.650002,"High":41.009998,"Low":40.040001,"Close":40.57,"Adj Close":36.921803,"Volume":8314900}