{"Date":"2016-04-15","Open":48.740002,"High":48.810001,"Low":47.150002,"Close":47.5,"Adj Close":43.607853,"Volume":11822200}