{"Date":"2017-12-01","Open":52.549999,"High":53.580002,"Low":51.759998,"Close":52.060001,"Adj Close":49.445835,"Volume":8852400}