{"Date":"2018-07-11","Open":50.139999,"High":50.139999,"Low":48.810001,"Close":49.84,"Adj Close":47.893456,"Volume":10426500}