{"Date":"2018-05-31","Open":54.419998,"High":54.84,"Low":53.939999,"Close":54.049999,"Adj Close":51.93903,"Volume":5365500}