{"Date":"2019-02-04","Open":49.990002,"High":50.400002,"Low":49.560001,"Close":50.34,"Adj Close":49.009804,"Volume":5356200}