{"Date":"2007-06-12","Open":18.15,"High":18.709999,"Low":18.02,"Close":18.4,"Adj Close":16.457706,"Volume":8636200}