{"Date":"2017-02-15","Open":50.950001,"High":51.959999,"Low":50.529999,"Close":51.169998,"Adj Close":47.60482,"Volume":12705000}