{"Date":"2017-08-11","Open":48.950001,"High":49.580002,"Low":48.459999,"Close":49.48,"Adj Close":46.405109,"Volume":6318900}