{"Date":"2018-07-18","Open":52.439999,"High":53.549999,"Low":52.380001,"Close":52.799999,"Adj Close":50.737843,"Volume":10212300}