{"Date":"2016-09-01","Open":37.0,"High":37.150002,"Low":36.32,"Close":36.82,"Adj Close":34.097725,"Volume":7127400}