{"Date":"2016-07-19","Open":39.880001,"High":40.580002,"Low":39.5,"Close":40.529999,"Adj Close":37.328842,"Volume":9297000}