{"Date":"2018-06-20","Open":54.0,"High":54.59,"Low":53.709999,"Close":53.84,"Adj Close":51.737228,"Volume":4541300}