{"Date":"2017-08-04","Open":50.740002,"High":50.799999,"Low":50.34,"Close":50.610001,"Adj Close":47.464897,"Volume":4426500}