{"Date":"2016-01-28","Open":44.84,"High":45.0,"Low":42.52,"Close":43.200001,"Adj Close":39.534813,"Volume":13996900}