{"Date":"2016-12-20","Open":50.43,"High":51.150002,"Low":50.419998,"Close":50.759998,"Adj Close":47.223385,"Volume":6176300}