{"Date":"2015-12-08","Open":51.330002,"High":51.82,"Low":49.889999,"Close":50.27,"Adj Close":46.004971,"Volume":13469200}