{"Date":"2017-01-18","Open":50.139999,"High":50.799999,"Low":49.790001,"Close":50.299999,"Adj Close":46.795433,"Volume":7076500}