{"Date":"2017-01-11","Open":51.459999,"High":51.740002,"Low":50.650002,"Close":51.439999,"Adj Close":47.85601,"Volume":10001600}