{"Date":"2018-10-11","Open":51.5,"High":52.599998,"Low":50.669998,"Close":51.48,"Adj Close":49.806709,"Volume":15887500}