{"Date":"2017-09-12","Open":48.939999,"High":49.16,"Low":48.540001,"Close":49.040001,"Adj Close":46.289501,"Volume":5813300}