{"Date":"2018-07-17","Open":50.599998,"High":51.57,"Low":50.599998,"Close":51.139999,"Adj Close":49.142681,"Volume":5299000}