{"Date":"2017-10-17","Open":53.509998,"High":54.060001,"Low":52.66,"Close":52.759998,"Adj Close":49.80085,"Volume":6547600}