{"Date":"2016-12-08","Open":51.099998,"High":51.919998,"Low":50.540001,"Close":51.349998,"Adj Close":47.772274,"Volume":9489100}