{"Date":"2018-04-02","Open":54.59,"High":54.630001,"Low":50.950001,"Close":51.950001,"Adj Close":49.626087,"Volume":10228200}