{"Date":"2018-08-17","Open":55.490002,"High":55.990002,"Low":55.310001,"Close":55.650002,"Adj Close":53.841175,"Volume":3266500}