{"Date":"2016-07-13","Open":40.5,"High":40.599998,"Low":39.419998,"Close":39.560001,"Adj Close":36.435459,"Volume":13885600}