{"Date":"2019-01-17","Open":47.439999,"High":48.57,"Low":47.32,"Close":48.220001,"Adj Close":46.945827,"Volume":7312700}