{"Date":"2018-10-22","Open":53.540001,"High":54.43,"Low":53.299999,"Close":54.240002,"Adj Close":52.477009,"Volume":6174200}