{"Date":"2017-05-02","Open":45.669998,"High":47.93,"Low":45.509998,"Close":47.830002,"Adj Close":44.674179,"Volume":12931000}