{"Date":"2015-06-25","Open":42.98,"High":43.380001,"Low":42.57,"Close":42.599998,"Adj Close":38.769268,"Volume":6208700}