{"Date":"2017-05-17","Open":49.310001,"High":49.310001,"Low":47.669998,"Close":47.740002,"Adj Close":44.773254,"Volume":8274500}