{"Date":"2016-09-20","Open":37.599998,"High":38.110001,"Low":37.41,"Close":37.630001,"Adj Close":34.847843,"Volume":7551400}