{"Date":"2017-10-10","Open":52.73,"High":53.709999,"Low":52.470001,"Close":52.700001,"Adj Close":49.744225,"Volume":11332100}