{"Date":"2016-11-25","Open":49.169998,"High":49.41,"Low":48.889999,"Close":49.240002,"Adj Close":45.809296,"Volume":2241400}