{"Date":"2018-03-26","Open":54.57,"High":55.279999,"Low":54.07,"Close":55.060001,"Adj Close":52.596962,"Volume":5808800}