{"Date":"2016-08-25","Open":36.639999,"High":36.810001,"Low":36.439999,"Close":36.470001,"Adj Close":33.773613,"Volume":6540000}