{"Date":"2016-09-30","Open":39.150002,"High":39.599998,"Low":38.93,"Close":39.360001,"Adj Close":36.44994,"Volume":8889300}