{"Date":"2017-10-25","Open":53.259998,"High":53.299999,"Low":52.130001,"Close":52.240002,"Adj Close":49.31002,"Volume":6043500}