{"Date":"2016-01-05","Open":49.310001,"High":49.75,"Low":47.040001,"Close":48.57,"Adj Close":44.449207,"Volume":14557200}