{"Date":"2016-11-10","Open":45.419998,"High":46.130001,"Low":44.970001,"Close":45.950001,"Adj Close":42.74852,"Volume":20759900}