{"Date":"2017-06-06","Open":51.150002,"High":51.689999,"Low":51.049999,"Close":51.23,"Adj Close":48.046368,"Volume":6826300}