{"Date":"2018-10-29","Open":54.150002,"High":54.77,"Low":52.560001,"Close":53.419998,"Adj Close":51.683659,"Volume":10819700}