{"Date":"2019-03-25","Open":49.599998,"High":50.040001,"Low":48.970001,"Close":49.029999,"Adj Close":48.068027,"Volume":6454000}