{"Date":"2018-11-23","Open":56.490002,"High":57.689999,"Low":56.27,"Close":57.16,"Adj Close":55.649593,"Volume":3778200}