{"Date":"2017-11-06","Open":50.400002,"High":51.169998,"Low":50.279999,"Close":50.57,"Adj Close":47.733685,"Volume":6259900}