{"Date":"2017-12-18","Open":56.52,"High":56.77,"Low":55.889999,"Close":56.07,"Adj Close":53.254475,"Volume":8709800}