{"Date":"2018-08-02","Open":53.209999,"High":54.099998,"Low":52.939999,"Close":53.91,"Adj Close":52.157734,"Volume":4483600}