{"Date":"2018-08-24","Open":56.779999,"High":57.380001,"Low":56.549999,"Close":57.18,"Adj Close":55.321445,"Volume":3149600}