{"Date":"2016-10-17","Open":39.740002,"High":40.490002,"Low":39.259998,"Close":39.349998,"Adj Close":36.440678,"Volume":10535100}