{"Date":"2018-03-13","Open":56.360001,"High":57.009998,"Low":55.459999,"Close":56.59,"Adj Close":54.058525,"Volume":9137400}