{"Date":"2016-10-21","Open":41.080002,"High":41.310001,"Low":40.66,"Close":41.169998,"Adj Close":38.12611,"Volume":9050900}