{"Date":"2017-08-30","Open":46.459999,"High":47.0,"Low":46.099998,"Close":46.830002,"Adj Close":44.203453,"Volume":5960200}