{"Date":"2016-09-12","Open":37.240002,"High":38.59,"Low":36.880001,"Close":38.439999,"Adj Close":35.59795,"Volume":8572700}