{"Date":"2015-11-27","Open":46.990002,"High":47.5,"Low":46.779999,"Close":47.139999,"Adj Close":43.140533,"Volume":2597700}