{"Date":"2016-05-20","Open":43.419998,"High":43.82,"Low":42.970001,"Close":43.099998,"Adj Close":39.695858,"Volume":5964600}