{"Date":"2018-05-21","Open":53.27,"High":54.349998,"Low":53.240002,"Close":53.98,"Adj Close":51.871761,"Volume":5413600}