{"Date":"2016-04-26","Open":44.150002,"High":44.52,"Low":43.060001,"Close":43.59,"Adj Close":40.018246,"Volume":11545700}