{"Date":"2016-11-30","Open":47.549999,"High":48.75,"Low":46.849998,"Close":48.18,"Adj Close":44.823147,"Volume":9245300}