{"Date":"2016-12-09","Open":52.0,"High":52.759998,"Low":51.259998,"Close":51.779999,"Adj Close":48.172318,"Volume":8526700}