{"Date":"2016-08-03","Open":36.380001,"High":36.869999,"Low":36.169998,"Close":36.48,"Adj Close":33.598732,"Volume":10994100}