{"Date":"2018-11-20","Open":55.599998,"High":56.470001,"Low":55.279999,"Close":55.41,"Adj Close":53.945835,"Volume":5623600}