{"Date":"2018-06-13","Open":54.630001,"High":55.07,"Low":54.380001,"Close":54.650002,"Adj Close":52.515591,"Volume":4384900}