{"Date":"2017-04-11","Open":45.0,"High":45.32,"Low":44.490002,"Close":45.290001,"Adj Close":42.301769,"Volume":10506800}