{"Date":"2017-10-30","Open":50.220001,"High":50.669998,"Low":50.009998,"Close":50.330002,"Adj Close":47.507153,"Volume":3960500}