{"Date":"2018-05-01","Open":52.27,"High":52.849998,"Low":51.849998,"Close":52.740002,"Adj Close":50.380745,"Volume":6799500}