{"Date":"2016-04-06","Open":47.220001,"High":47.32,"Low":46.849998,"Close":47.200001,"Adj Close":43.332439,"Volume":5542600}