{"Date":"2016-12-30","Open":49.34,"High":49.560001,"Low":48.869999,"Close":49.189999,"Adj Close":45.762775,"Volume":4532400}