{"Date":"2017-10-26","Open":52.869999,"High":53.619999,"Low":50.740002,"Close":50.93,"Adj Close":48.073494,"Volume":10913600}