{"Date":"2016-10-25","Open":41.200001,"High":41.889999,"Low":40.950001,"Close":41.209999,"Adj Close":38.163151,"Volume":8696400}