{"Date":"2018-08-06","Open":54.099998,"High":54.529999,"Low":53.84,"Close":54.419998,"Adj Close":52.65115,"Volume":3122300}