{"Date":"2016-10-31","Open":41.720001,"High":41.82,"Low":41.130001,"Close":41.77,"Adj Close":38.681755,"Volume":8697100}