{"Date":"2015-12-10","Open":49.709999,"High":51.919998,"Low":49.540001,"Close":51.279999,"Adj Close":46.929287,"Volume":10089600}