{"Date":"2017-07-31","Open":50.470001,"High":50.700001,"Low":49.259998,"Close":49.360001,"Adj Close":46.29258,"Volume":9575700}