{"Date":"2018-04-16","Open":53.27,"High":54.830002,"Low":53.27,"Close":54.299999,"Adj Close":51.87096,"Volume":9490400}