{"Date":"2016-08-15","Open":36.349998,"High":37.049999,"Low":35.84,"Close":36.919998,"Adj Close":34.190334,"Volume":10784600}