{"Date":"2017-08-03","Open":50.119999,"High":50.740002,"Low":49.93,"Close":50.57,"Adj Close":47.42738,"Volume":5250300}