{"Date":"2018-06-22","Open":53.5,"High":53.990002,"Low":52.419998,"Close":52.720001,"Adj Close":50.660976,"Volume":10311600}