{"Date":"2018-03-21","Open":55.490002,"High":56.360001,"Low":54.75,"Close":55.950001,"Adj Close":53.447147,"Volume":9313900}