{"Date":"2019-04-02","Open":54.529999,"High":55.939999,"Low":53.919998,"Close":55.330002,"Adj Close":54.244427,"Volume":15920700}