{"Date":"2017-05-05","Open":48.630001,"High":49.029999,"Low":48.25,"Close":48.700001,"Adj Close":45.486782,"Volume":5275200}