{"Date":"2018-03-06","Open":53.919998,"High":54.110001,"Low":53.48,"Close":53.84,"Adj Close":51.431538,"Volume":4690900}