{"Date":"2017-02-07","Open":48.439999,"High":48.939999,"Low":48.080002,"Close":48.150002,"Adj Close":44.795238,"Volume":7262900}