{"Date":"2017-06-05","Open":50.990002,"High":51.490002,"Low":50.57,"Close":51.389999,"Adj Close":48.196426,"Volume":9018000}