{"Date":"2018-12-14","Open":52.900002,"High":54.73,"Low":52.849998,"Close":53.509998,"Adj Close":52.096039,"Volume":5551600}