{"Date":"2019-02-08","Open":50.07,"High":50.529999,"Low":49.919998,"Close":50.470001,"Adj Close":49.136375,"Volume":4456600}