{"Date":"2018-05-11","Open":52.0,"High":53.080002,"Low":51.880001,"Close":52.900002,"Adj Close":50.833942,"Volume":7810800}