{"Date":"2016-04-18","Open":47.650002,"High":47.650002,"Low":46.209999,"Close":46.549999,"Adj Close":42.735699,"Volume":11664700}