{"Date":"2016-11-08","Open":43.630001,"High":44.639999,"Low":43.130001,"Close":44.529999,"Adj Close":41.427452,"Volume":9732800}