{"Date":"2018-05-14","Open":52.900002,"High":53.259998,"Low":51.849998,"Close":52.09,"Adj Close":50.055576,"Volume":10466400}