{"Date":"2016-08-09","Open":37.75,"High":38.060001,"Low":37.139999,"Close":37.150002,"Adj Close":34.215805,"Volume":8392000}