{"Date":"2018-08-14","Open":54.259998,"High":55.060001,"Low":54.259998,"Close":54.759998,"Adj Close":52.980103,"Volume":3459900}