{"Date":"2015-04-16","Open":44.200001,"High":45.400002,"Low":44.16,"Close":44.990002,"Adj Close":40.860405,"Volume":13257600}