{"Date":"2017-12-06","Open":52.209999,"High":52.779999,"Low":52.09,"Close":52.299999,"Adj Close":49.673779,"Volume":4190400}