{"Date":"2017-06-12","Open":52.950001,"High":52.970001,"Low":51.369999,"Close":52.25,"Adj Close":49.002979,"Volume":9751100}