{"Date":"2017-07-17","Open":55.200001,"High":55.290001,"Low":54.610001,"Close":54.639999,"Adj Close":51.244457,"Volume":5387400}