{"Date":"2017-04-27","Open":45.68,"High":45.860001,"Low":44.860001,"Close":45.740002,"Adj Close":42.722084,"Volume":12388000}