{"Date":"2017-06-14","Open":52.009998,"High":52.200001,"Low":51.540001,"Close":51.91,"Adj Close":48.684109,"Volume":6019000}