{"Date":"2017-05-26","Open":50.310001,"High":50.950001,"Low":50.310001,"Close":50.799999,"Adj Close":47.643089,"Volume":5778500}