{"Date":"2017-12-15","Open":55.389999,"High":56.490002,"Low":55.360001,"Close":56.099998,"Adj Close":53.282967,"Volume":14378900}