{"Date":"2016-01-04","Open":49.419998,"High":49.419998,"Low":48.299999,"Close":48.66,"Adj Close":44.53157,"Volume":12323200}