{"Date":"2017-08-09","Open":50.0,"High":50.099998,"Low":49.5,"Close":49.669998,"Adj Close":46.583309,"Volume":6692200}