{"Date":"2016-08-11","Open":36.580002,"High":37.049999,"Low":36.279999,"Close":36.700001,"Adj Close":33.986607,"Volume":7537900}