{"Date":"2017-09-29","Open":48.400002,"High":48.650002,"Low":48.0,"Close":48.220001,"Adj Close":45.515491,"Volume":5533100}