{"Date":"2015-04-14","Open":43.060001,"High":43.189999,"Low":42.450001,"Close":43.080002,"Adj Close":39.125729,"Volume":10244200}