{"Date":"2019-03-21","Open":49.709999,"High":50.610001,"Low":49.700001,"Close":50.299999,"Adj Close":49.31311,"Volume":5128700}