{"Date":"2017-01-26","Open":50.689999,"High":51.540001,"Low":50.560001,"Close":50.900002,"Adj Close":47.353634,"Volume":8905600}