{"Date":"2018-04-17","Open":55.0,"High":55.200001,"Low":54.029999,"Close":54.549999,"Adj Close":52.109779,"Volume":7380400}