{"Date":"2007-06-04","Open":18.700001,"High":19.049999,"Low":18.690001,"Close":18.84,"Adj Close":16.851257,"Volume":5692700}