{"Date":"2016-10-03","Open":39.25,"High":40.049999,"Low":39.209999,"Close":39.98,"Adj Close":37.024101,"Volume":11629700}