{"Date":"2016-04-21","Open":46.279999,"High":46.310001,"Low":44.740002,"Close":44.970001,"Adj Close":41.285164,"Volume":15330300}