{"Date":"2017-01-13","Open":50.790001,"High":51.639999,"Low":50.779999,"Close":51.23,"Adj Close":47.660637,"Volume":7380600}