{"Date":"2018-10-19","Open":53.130001,"High":53.580002,"Low":52.759998,"Close":53.389999,"Adj Close":51.654633,"Volume":4989800}