{"Date":"2015-12-30","Open":52.23,"High":52.299999,"Low":51.07,"Close":51.169998,"Adj Close":46.828609,"Volume":5060000}