{"Date":"2018-05-25","Open":54.650002,"High":56.119999,"Low":54.619999,"Close":55.869999,"Adj Close":53.687943,"Volume":7597300}