{"Date":"2017-01-23","Open":50.279999,"High":50.43,"Low":48.77,"Close":48.77,"Adj Close":45.372036,"Volume":8753100}