{"Date":"2018-03-02","Open":52.779999,"High":53.43,"Low":51.810001,"Close":53.259998,"Adj Close":50.87748,"Volume":6860500}