{"Date":"2015-08-13","Open":46.889999,"High":47.869999,"Low":46.470001,"Close":47.450001,"Adj Close":43.30928,"Volume":9953500}