{"Date":"2016-05-23","Open":43.0,"High":43.599998,"Low":42.91,"Close":42.950001,"Adj Close":39.557705,"Volume":5227000}