{"Date":"2015-07-01","Open":41.75,"High":41.810001,"Low":38.810001,"Close":40.27,"Adj Close":36.648785,"Volume":30993500}