{"Date":"2016-02-03","Open":43.970001,"High":44.150002,"Low":42.110001,"Close":43.799999,"Adj Close":40.083893,"Volume":10049100}