{"Date":"2017-02-22","Open":51.0,"High":51.139999,"Low":50.48,"Close":50.93,"Adj Close":47.569645,"Volume":4345100}