{"Date":"2018-02-06","Open":51.869999,"High":53.5,"Low":51.259998,"Close":53.099998,"Adj Close":50.433617,"Volume":12240800}