{"Date":"2018-09-25","Open":57.439999,"High":57.549999,"Low":56.41,"Close":57.099998,"Adj Close":55.244041,"Volume":4635500}