{"Date":"2018-09-28","Open":58.0,"High":58.27,"Low":57.540001,"Close":57.830002,"Adj Close":55.950321,"Volume":4642500}