{"Date":"2017-12-13","Open":53.810001,"High":53.970001,"Low":53.130001,"Close":53.630001,"Adj Close":50.936996,"Volume":6289300}