{"Date":"2016-11-14","Open":46.619999,"High":47.48,"Low":46.610001,"Close":47.470001,"Adj Close":44.162609,"Volume":11932500}