{"Date":"2017-03-27","Open":45.369999,"High":46.259998,"Low":45.080002,"Close":46.099998,"Adj Close":43.058331,"Volume":9023000}