{"Date":"2019-03-20","Open":50.889999,"High":50.889999,"Low":49.77,"Close":49.869999,"Adj Close":48.891544,"Volume":7753000}