{"Date":"2015-12-23","Open":51.740002,"High":51.869999,"Low":50.91,"Close":51.740002,"Adj Close":47.350254,"Volume":5843600}