{"Date":"2019-02-19","Open":51.0,"High":52.220001,"Low":51.0,"Close":51.82,"Adj Close":50.450699,"Volume":7904800}