{"Date":"2018-09-14","Open":57.759998,"High":58.330002,"Low":57.630001,"Close":57.93,"Adj Close":56.04707,"Volume":3449300}