{"Date":"2017-05-01","Open":45.59,"High":46.0,"Low":45.400002,"Close":45.400002,"Adj Close":42.404518,"Volume":6378900}