{"Date":"2015-09-01","Open":43.950001,"High":44.459999,"Low":43.299999,"Close":43.77,"Adj Close":39.950413,"Volume":11269300}