{"Date":"2019-03-22","Open":50.040001,"High":50.240002,"Low":49.52,"Close":49.759998,"Adj Close":48.783703,"Volume":5896200}