{"Date":"2016-06-03","Open":42.220001,"High":42.400002,"Low":41.25,"Close":41.57,"Adj Close":38.286709,"Volume":15958000}