{"Date":"2015-12-04","Open":49.0,"High":49.799999,"Low":48.669998,"Close":49.779999,"Adj Close":45.556538,"Volume":12775600}