{"Date":"2017-11-09","Open":49.700001,"High":49.990002,"Low":49.110001,"Close":49.189999,"Adj Close":46.431087,"Volume":5594200}