{"Date":"2017-07-21","Open":52.549999,"High":52.700001,"Low":52.07,"Close":52.259998,"Adj Close":49.012356,"Volume":6847600}