{"Date":"2018-12-31","Open":50.290001,"High":50.66,"Low":49.560001,"Close":49.900002,"Adj Close":48.581436,"Volume":6231700}