{"Date":"2016-08-08","Open":37.459999,"High":38.240002,"Low":37.360001,"Close":37.439999,"Adj Close":34.482895,"Volume":10029100}