{"Date":"2018-06-05","Open":54.959999,"High":55.0,"Low":54.290001,"Close":54.669998,"Adj Close":52.534813,"Volume":4968300}