{"Date":"2015-11-09","Open":50.93,"High":50.950001,"Low":50.23,"Close":50.630001,"Adj Close":46.334427,"Volume":5559100}