{"Date":"2015-07-16","Open":44.5,"High":44.869999,"Low":44.189999,"Close":44.470001,"Adj Close":40.471107,"Volume":12804800}