{"Date":"2018-05-03","Open":52.02,"High":52.119999,"Low":51.09,"Close":51.790001,"Adj Close":49.473244,"Volume":7083100}