{"Date":"2015-09-24","Open":46.330002,"High":46.380001,"Low":45.060001,"Close":45.91,"Adj Close":41.90366,"Volume":8871600}