{"Date":"2018-02-27","Open":54.59,"High":55.009998,"Low":53.529999,"Close":53.619999,"Adj Close":51.221378,"Volume":5979200}