{"Date":"2017-04-12","Open":46.970001,"High":47.169998,"Low":45.0,"Close":45.049999,"Adj Close":42.07761,"Volume":14332800}