{"Date":"2018-10-30","Open":53.389999,"High":55.220001,"Low":53.380001,"Close":55.119999,"Adj Close":53.3284,"Volume":7526200}