{"Date":"2017-05-03","Open":47.66,"High":48.490002,"Low":47.540001,"Close":48.310001,"Adj Close":45.122517,"Volume":9912400}