{"Date":"2018-04-19","Open":55.040001,"High":55.23,"Low":54.560001,"Close":55.07,"Adj Close":52.606514,"Volume":5217500}