{"Date":"2017-02-13","Open":49.369999,"High":50.419998,"Low":49.279999,"Close":50.060001,"Adj Close":46.572163,"Volume":6565900}