{"Date":"2017-08-23","Open":46.959999,"High":47.0,"Low":45.790001,"Close":46.18,"Adj Close":43.589909,"Volume":10997800}