{"Date":"2018-07-10","Open":50.599998,"High":50.66,"Low":49.610001,"Close":50.599998,"Adj Close":48.623768,"Volume":7366600}