{"Date":"2015-04-24","Open":46.77,"High":47.380001,"Low":46.68,"Close":46.98,"Adj Close":42.66774,"Volume":10280600}