{"Date":"2017-11-14","Open":48.82,"High":48.990002,"Low":48.560001,"Close":48.900002,"Adj Close":46.157356,"Volume":4855600}