{"Date":"2016-04-01","Open":47.5,"High":47.57,"Low":46.740002,"Close":47.009998,"Adj Close":43.158001,"Volume":13932200}