{"Date":"2017-12-04","Open":53.27,"High":54.130001,"Low":52.5,"Close":52.91,"Adj Close":50.253155,"Volume":8867100}