{"Date":"2016-03-15","Open":47.82,"High":47.939999,"Low":47.43,"Close":47.759998,"Adj Close":43.846542,"Volume":4751900}