{"Date":"2017-05-30","Open":50.59,"High":50.59,"Low":49.040001,"Close":49.060001,"Adj Close":46.011215,"Volume":10523500}