{"Date":"2015-06-22","Open":42.720001,"High":43.080002,"Low":42.360001,"Close":42.93,"Adj Close":39.069588,"Volume":10407000}