{"Date":"2017-10-12","Open":53.099998,"High":53.189999,"Low":52.540001,"Close":53.110001,"Adj Close":50.131226,"Volume":5819300}