{"Date":"2016-01-06","Open":47.790001,"High":49.299999,"Low":47.630001,"Close":48.93,"Adj Close":44.77866,"Volume":10375900}