{"Date":"2015-09-30","Open":44.720001,"High":45.040001,"Low":43.860001,"Close":44.869999,"Adj Close":40.954418,"Volume":9525700}