{"Date":"2018-06-19","Open":54.330002,"High":54.439999,"Low":53.32,"Close":53.779999,"Adj Close":51.679569,"Volume":5830800}