{"Date":"2017-01-05","Open":50.41,"High":50.689999,"Low":49.5,"Close":49.73,"Adj Close":46.265144,"Volume":5806200}