{"Date":"2019-03-05","Open":50.029999,"High":50.490002,"Low":49.41,"Close":49.720001,"Adj Close":48.744492,"Volume":9800700}