{"Date":"2017-07-03","Open":54.259998,"High":54.709999,"Low":53.740002,"Close":54.060001,"Adj Close":50.700497,"Volume":3532100}