{"Date":"2016-03-29","Open":48.099998,"High":49.18,"Low":48.029999,"Close":49.130001,"Adj Close":45.104282,"Volume":7302100}