{"Date":"2015-08-21","Open":45.5,"High":45.580002,"Low":43.59,"Close":43.599998,"Adj Close":39.795246,"Volume":14908800}