{"Date":"2018-01-04","Open":55.73,"High":55.860001,"Low":54.93,"Close":55.689999,"Adj Close":52.893555,"Volume":9026100}