{"Date":"2017-10-19","Open":52.57,"High":52.799999,"Low":51.369999,"Close":52.27,"Adj Close":49.338333,"Volume":9567800}