{"Date":"2018-11-15","Open":56.16,"High":56.259998,"Low":55.0,"Close":56.099998,"Adj Close":54.617599,"Volume":6969000}