{"Date":"2016-11-21","Open":48.98,"High":49.169998,"Low":48.509998,"Close":48.610001,"Adj Close":45.223186,"Volume":8665000}