{"Date":"2015-05-06","Open":43.540001,"High":44.259998,"Low":42.84,"Close":44.060001,"Adj Close":40.097969,"Volume":12783300}