{"Date":"2015-12-24","Open":51.709999,"High":52.650002,"Low":51.689999,"Close":52.259998,"Adj Close":47.826126,"Volume":3834200}