{"Date":"2017-05-31","Open":49.189999,"High":49.349998,"Low":48.52,"Close":49.130001,"Adj Close":46.076866,"Volume":8088900}