{"Date":"2018-11-26","Open":57.52,"High":57.799999,"Low":56.560001,"Close":56.709999,"Adj Close":55.211479,"Volume":5927100}