{"Date":"2018-10-05","Open":53.740002,"High":53.860001,"Low":52.540001,"Close":52.700001,"Adj Close":50.987061,"Volume":5621700}