{"Date":"2016-06-15","Open":39.369999,"High":39.779999,"Low":38.830002,"Close":38.889999,"Adj Close":35.818378,"Volume":11044000}