{"Date":"2016-01-27","Open":46.360001,"High":47.0,"Low":44.619999,"Close":44.720001,"Adj Close":40.925842,"Volume":10669700}