{"Date":"2018-12-10","Open":56.23,"High":56.650002,"Low":55.310001,"Close":56.32,"Adj Close":54.831791,"Volume":5698400}