{"Date":"2017-03-01","Open":50.41,"High":51.869999,"Low":50.349998,"Close":51.029999,"Adj Close":47.663044,"Volume":14144700}