{"Date":"2016-01-25","Open":47.59,"High":47.619999,"Low":45.849998,"Close":45.939999,"Adj Close":42.042336,"Volume":8602600}