{"Date":"2015-04-27","Open":47.040001,"High":47.099998,"Low":46.330002,"Close":46.450001,"Adj Close":42.186394,"Volume":10000200}