{"Date":"2016-12-22","Open":50.77,"High":50.849998,"Low":49.66,"Close":49.799999,"Adj Close":46.330269,"Volume":5407300}