{"Date":"2018-01-31","Open":56.299999,"High":57.27,"Low":56.240002,"Close":56.77,"Adj Close":53.919323,"Volume":8609600}