{"Date":"2017-03-17","Open":47.619999,"High":47.650002,"Low":46.509998,"Close":46.509998,"Adj Close":43.441273,"Volume":12295000}