{"Date":"2015-04-22","Open":46.349998,"High":46.619999,"Low":45.669998,"Close":46.529999,"Adj Close":42.259048,"Volume":9691300}