{"Date":"2017-09-22","Open":48.259998,"High":48.66,"Low":48.099998,"Close":48.470001,"Adj Close":45.751476,"Volume":4601600}