{"Date":"2018-12-07","Open":57.610001,"High":58.080002,"Low":55.5,"Close":56.07,"Adj Close":54.588394,"Volume":8193600}