{"Date":"2016-08-18","Open":37.369999,"High":37.43,"Low":36.849998,"Close":37.07,"Adj Close":34.329247,"Volume":12103300}