{"Date":"2016-01-08","Open":47.48,"High":48.950001,"Low":46.490002,"Close":46.610001,"Adj Close":42.655491,"Volume":10850300}