{"Date":"2017-09-07","Open":47.299999,"High":47.799999,"Low":46.970001,"Close":47.119999,"Adj Close":44.477184,"Volume":7329100}