{"Date":"2018-06-26","Open":51.529999,"High":51.619999,"Low":50.91,"Close":51.07,"Adj Close":49.075417,"Volume":4810300}