{"Date":"2018-05-23","Open":53.209999,"High":53.459999,"Low":52.98,"Close":53.400002,"Adj Close":51.314415,"Volume":3692000}