{"Date":"2019-01-15","Open":47.970001,"High":49.290001,"Low":46.849998,"Close":47.830002,"Adj Close":46.566132,"Volume":11569500}