{"Date":"2017-01-24","Open":48.91,"High":49.759998,"Low":48.82,"Close":49.439999,"Adj Close":45.995354,"Volume":6398100}