{"Date":"2018-03-05","Open":52.91,"High":54.09,"Low":52.580002,"Close":53.790001,"Adj Close":51.383778,"Volume":5964000}