{"Date":"2018-09-18","Open":57.869999,"High":58.299999,"Low":56.919998,"Close":57.830002,"Adj Close":55.950321,"Volume":3746900}