{"Date":"2017-08-07","Open":51.200001,"High":51.549999,"Low":50.689999,"Close":50.75,"Adj Close":47.596191,"Volume":6241700}