{"Date":"2016-06-22","Open":38.57,"High":39.16,"Low":38.5,"Close":38.549999,"Adj Close":35.505226,"Volume":7029400}