{"Date":"2015-10-22","Open":50.139999,"High":50.939999,"Low":49.349998,"Close":50.810001,"Adj Close":46.376072,"Volume":9528500}