{"Date":"2018-03-22","Open":55.5,"High":56.0,"Low":54.630001,"Close":54.669998,"Adj Close":52.224407,"Volume":6631400}