{"Date":"2018-05-10","Open":51.549999,"High":52.32,"Low":51.32,"Close":52.060001,"Adj Close":50.026749,"Volume":7590700}