{"Date":"2017-10-24","Open":52.5,"High":53.380001,"Low":52.029999,"Close":53.18,"Adj Close":50.197304,"Volume":5306700}