{"Date":"2016-11-09","Open":43.700001,"High":45.490002,"Low":43.57,"Close":45.25,"Adj Close":42.097286,"Volume":13290300}