{"Date":"2017-12-07","Open":52.0,"High":53.41,"Low":51.919998,"Close":53.41,"Adj Close":50.728046,"Volume":7115200}