{"Date":"2016-07-14","Open":40.330002,"High":41.349998,"Low":40.16,"Close":40.98,"Adj Close":37.743305,"Volume":18543000}