{"Date":"2018-12-27","Open":50.029999,"High":50.5,"Low":48.32,"Close":50.5,"Adj Close":49.165581,"Volume":7136300}