{"Date":"2016-12-29","Open":49.540001,"High":49.849998,"Low":49.209999,"Close":49.310001,"Adj Close":45.874416,"Volume":3348300}