{"Date":"2016-06-01","Open":43.459999,"High":43.709999,"Low":43.07,"Close":43.509998,"Adj Close":40.073475,"Volume":7047600}