{"Date":"2015-04-30","Open":44.759998,"High":45.720001,"Low":44.360001,"Close":44.639999,"Adj Close":40.542526,"Volume":9256600}