{"Date":"2016-02-23","Open":48.470001,"High":49.450001,"Low":48.450001,"Close":48.950001,"Adj Close":44.939041,"Volume":9411500}