{"Date":"2016-06-17","Open":37.939999,"High":38.240002,"Low":37.68,"Close":38.009998,"Adj Close":35.007877,"Volume":11157800}