{"Date":"2019-02-26","Open":51.400002,"High":51.959999,"Low":51.080002,"Close":51.119999,"Adj Close":49.769196,"Volume":6826800}