{"Date":"2017-09-19","Open":48.009998,"High":48.98,"Low":47.75,"Close":47.900002,"Adj Close":45.21344,"Volume":6782300}