{"Date":"2016-07-18","Open":40.169998,"High":40.52,"Low":40.060001,"Close":40.099998,"Adj Close":36.932808,"Volume":8285500}