{"Date":"2019-02-01","Open":49.630001,"High":50.490002,"Low":49.57,"Close":49.919998,"Adj Close":48.600906,"Volume":6172900}