{"Date":"2016-09-23","Open":38.18,"High":38.93,"Low":38.18,"Close":38.779999,"Adj Close":35.912819,"Volume":6841200}