{"Date":"2018-04-24","Open":54.77,"High":55.299999,"Low":53.110001,"Close":53.810001,"Adj Close":51.402874,"Volume":7655000}