{"Date":"2017-06-15","Open":51.630001,"High":51.84,"Low":50.919998,"Close":51.560001,"Adj Close":48.355865,"Volume":6871200}