{"Date":"2018-11-16","Open":55.810001,"High":56.02,"Low":54.900002,"Close":55.900002,"Adj Close":54.42289,"Volume":6719500}