{"Date":"2016-09-19","Open":36.91,"High":37.740002,"Low":36.849998,"Close":37.57,"Adj Close":34.792278,"Volume":8768200}