{"Date":"2016-08-01","Open":38.919998,"High":39.509998,"Low":38.779999,"Close":39.48,"Adj Close":36.361774,"Volume":8965300}