{"Date":"2017-05-25","Open":48.990002,"High":50.43,"Low":48.959999,"Close":50.400002,"Adj Close":47.267944,"Volume":7421000}