{"Date":"2017-11-10","Open":49.189999,"High":49.369999,"Low":48.830002,"Close":48.889999,"Adj Close":46.147911,"Volume":7048500}