{"Date":"2018-01-05","Open":55.720001,"High":56.049999,"Low":55.400002,"Close":55.970001,"Adj Close":53.159496,"Volume":5191300}