{"Date":"2016-11-28","Open":49.080002,"High":49.349998,"Low":48.48,"Close":48.490002,"Adj Close":45.111546,"Volume":9227900}