{"Date":"2018-01-29","Open":55.0,"High":56.200001,"Low":55.0,"Close":55.759998,"Adj Close":52.960041,"Volume":8781700}