{"Date":"2007-06-06","Open":18.700001,"High":18.93,"Low":18.65,"Close":18.93,"Adj Close":16.931759,"Volume":2595300}