{"Date":"2018-02-28","Open":53.869999,"High":54.5,"Low":53.360001,"Close":53.900002,"Adj Close":51.488857,"Volume":6328200}