{"Date":"2016-10-10","Open":39.209999,"High":39.950001,"Low":39.189999,"Close":39.77,"Adj Close":36.829628,"Volume":7994100}