{"Date":"2019-02-05","Open":50.369999,"High":51.060001,"Low":50.02,"Close":50.540001,"Adj Close":49.204525,"Volume":8727600}