{"Date":"2016-04-19","Open":46.689999,"High":47.419998,"Low":46.599998,"Close":46.869999,"Adj Close":43.029476,"Volume":8759000}