{"Date":"2018-05-07","Open":52.400002,"High":52.400002,"Low":51.470001,"Close":51.900002,"Adj Close":49.57832,"Volume":6055800}