{"Date":"2017-07-10","Open":55.040001,"High":55.75,"Low":54.639999,"Close":54.810001,"Adj Close":51.403889,"Volume":7971800}