{"Date":"2018-10-17","Open":54.93,"High":55.279999,"Low":53.700001,"Close":54.299999,"Adj Close":52.535053,"Volume":9184200}