{"Date":"2018-06-28","Open":49.82,"High":50.009998,"Low":49.049999,"Close":49.799999,"Adj Close":47.855015,"Volume":6871800}