{"Date":"2017-10-09","Open":52.07,"High":52.43,"Low":51.439999,"Close":51.740002,"Adj Close":48.83807,"Volume":4624800}