{"Date":"2015-11-24","Open":47.360001,"High":48.0,"Low":46.669998,"Close":47.240002,"Adj Close":43.23204,"Volume":11111000}