{"Date":"2019-02-12","Open":50.860001,"High":51.07,"Low":49.880001,"Close":49.889999,"Adj Close":48.571697,"Volume":8301700}