{"Date":"2018-10-18","Open":54.290001,"High":54.299999,"Low":52.959999,"Close":53.130001,"Adj Close":51.403088,"Volume":5871200}