{"Date":"2016-03-01","Open":48.73,"High":49.25,"Low":48.419998,"Close":48.900002,"Adj Close":44.893143,"Volume":8000600}