{"Date":"2017-01-12","Open":51.299999,"High":52.0,"Low":49.669998,"Close":50.889999,"Adj Close":47.344326,"Volume":14284800}