{"Date":"2018-05-22","Open":54.380001,"High":54.990002,"Low":53.419998,"Close":53.52,"Adj Close":51.429726,"Volume":4943600}