{"Date":"2019-03-26","Open":49.360001,"High":49.630001,"Low":48.68,"Close":49.09,"Adj Close":48.12685,"Volume":5321500}