{"Date":"2018-08-21","Open":57.529999,"High":58.029999,"Low":57.439999,"Close":57.599998,"Adj Close":55.727791,"Volume":4732300}