{"Date":"2018-10-24","Open":53.5,"High":53.599998,"Low":51.369999,"Close":51.509998,"Adj Close":49.835735,"Volume":6759100}