{"Date":"2017-02-23","Open":51.119999,"High":51.490002,"Low":50.189999,"Close":50.48,"Adj Close":47.14933,"Volume":6470900}