{"Date":"2017-06-19","Open":52.099998,"High":52.630001,"Low":51.939999,"Close":52.509998,"Adj Close":49.246819,"Volume":7674700}