{"Date":"2017-02-10","Open":49.549999,"High":49.57,"Low":49.02,"Close":49.259998,"Adj Close":45.827896,"Volume":5322600}