{"Date":"2016-12-15","Open":50.48,"High":51.740002,"Low":50.43,"Close":50.5,"Adj Close":46.981503,"Volume":10302100}