{"Date":"2016-11-01","Open":41.84,"High":42.48,"Low":41.549999,"Close":41.880001,"Adj Close":38.783623,"Volume":10889300}