{"Date":"2018-06-18","Open":54.73,"High":55.060001,"Low":54.299999,"Close":54.799999,"Adj Close":52.659729,"Volume":5836500}