{"Date":"2019-01-18","Open":48.639999,"High":48.700001,"Low":47.939999,"Close":48.110001,"Adj Close":46.838734,"Volume":7850200}