{"Date":"2017-10-05","Open":51.509998,"High":51.77,"Low":51.259998,"Close":51.68,"Adj Close":48.781433,"Volume":5276300}