{"Date":"2018-05-04","Open":51.580002,"High":52.490002,"Low":51.580002,"Close":52.34,"Adj Close":49.998634,"Volume":4535200}