{"Date":"2015-07-10","Open":41.450001,"High":42.720001,"Low":41.310001,"Close":42.459999,"Adj Close":38.64185,"Volume":13746100}