{"Date":"2019-01-03","Open":48.509998,"High":48.939999,"Low":45.080002,"Close":45.610001,"Adj Close":44.404793,"Volume":18694100}