{"Date":"2017-03-03","Open":50.009998,"High":50.639999,"Low":49.720001,"Close":50.130001,"Adj Close":46.822433,"Volume":11170800}