{"Date":"2017-06-21","Open":52.049999,"High":52.580002,"Low":51.75,"Close":52.27,"Adj Close":49.021732,"Volume":5135100}