{"Date":"2016-05-18","Open":43.450001,"High":44.66,"Low":43.450001,"Close":43.860001,"Adj Close":40.395832,"Volume":10382900}