{"Date":"2017-12-11","Open":53.720001,"High":54.860001,"Low":53.5,"Close":54.369999,"Adj Close":51.639835,"Volume":7356000}