{"Date":"2016-09-06","Open":37.23,"High":37.290001,"Low":36.650002,"Close":36.82,"Adj Close":34.097725,"Volume":8041600}