{"Date":"2018-12-17","Open":53.369999,"High":53.369999,"Low":52.119999,"Close":52.389999,"Adj Close":51.005638,"Volume":5792700}