{"Date":"2016-07-20","Open":40.689999,"High":41.220001,"Low":39.939999,"Close":40.209999,"Adj Close":37.034115,"Volume":9541900}