{"Date":"2018-02-16","Open":52.869999,"High":53.52,"Low":52.77,"Close":52.849998,"Adj Close":50.196163,"Volume":5556500}