{"Date":"2018-11-13","Open":57.130001,"High":57.919998,"Low":56.790001,"Close":56.82,"Adj Close":55.318577,"Volume":6004400}