{"Date":"2018-02-09","Open":51.950001,"High":52.0,"Low":48.52,"Close":50.459999,"Adj Close":47.92617,"Volume":19053400}