{"Date":"2018-04-25","Open":53.939999,"High":54.959999,"Low":53.209999,"Close":54.650002,"Adj Close":52.205299,"Volume":7219800}