{"Date":"2015-06-04","Open":43.400002,"High":44.110001,"Low":42.439999,"Close":42.919998,"Adj Close":39.060493,"Volume":13390400}