{"Date":"2016-08-22","Open":36.529999,"High":36.740002,"Low":36.07,"Close":36.610001,"Adj Close":33.903259,"Volume":11186100}