{"Date":"2016-05-31","Open":43.25,"High":43.509998,"Low":42.650002,"Close":43.459999,"Adj Close":40.027431,"Volume":9315100}