{"Date":"2019-03-07","Open":49.509998,"High":49.799999,"Low":48.759998,"Close":49.59,"Adj Close":48.617043,"Volume":8183600}