{"Date":"2015-10-13","Open":48.099998,"High":49.110001,"Low":47.720001,"Close":47.73,"Adj Close":43.56485,"Volume":13839900}