{"Date":"2015-09-17","Open":47.310001,"High":48.18,"Low":46.880001,"Close":47.490002,"Adj Close":43.345783,"Volume":11128000}