{"Date":"2008-02-22","Open":16.360001,"High":16.52,"Low":15.62,"Close":16.370001,"Adj Close":14.641993,"Volume":3048700}