{"Date":"2018-12-18","Open":53.43,"High":53.599998,"Low":52.66,"Close":52.950001,"Adj Close":51.550838,"Volume":6099500}