{"Date":"2015-10-05","Open":45.220001,"High":47.040001,"Low":45.040001,"Close":46.959999,"Adj Close":42.862045,"Volume":8629300}