{"Date":"2018-08-13","Open":54.880001,"High":54.880001,"Low":53.759998,"Close":54.220001,"Adj Close":52.457661,"Volume":3896600}