{"Date":"2018-10-03","Open":54.990002,"High":55.200001,"Low":54.25,"Close":54.32,"Adj Close":52.554401,"Volume":6966700}