{"Date":"2016-03-03","Open":48.59,"High":49.009998,"Low":48.349998,"Close":48.790001,"Adj Close":44.792149,"Volume":8853700}