{"Date":"2016-05-09","Open":42.110001,"High":42.84,"Low":41.990002,"Close":42.400002,"Adj Close":39.051147,"Volume":10512100}