{"Date":"2016-12-01","Open":47.959999,"High":48.939999,"Low":47.599998,"Close":47.77,"Adj Close":44.441711,"Volume":9802400}