{"Date":"2016-02-02","Open":45.189999,"High":45.52,"Low":43.32,"Close":43.610001,"Adj Close":39.910015,"Volume":8994000}