{"Date":"2016-10-26","Open":40.150002,"High":42.41,"Low":40.049999,"Close":41.400002,"Adj Close":38.339111,"Volume":14175900}