{"Date":"2016-05-04","Open":42.369999,"High":42.560001,"Low":41.169998,"Close":41.43,"Adj Close":38.035229,"Volume":14925300}