{"Date":"2017-11-15","Open":48.66,"High":49.540001,"Low":48.34,"Close":49.330002,"Adj Close":46.56324,"Volume":6561300}