{"Date":"2015-08-07","Open":45.84,"High":46.48,"Low":45.759998,"Close":46.349998,"Adj Close":42.305267,"Volume":6825100}