{"Date":"2015-08-06","Open":46.48,"High":46.790001,"Low":45.759998,"Close":46.040001,"Adj Close":42.022316,"Volume":6525100}