{"Date":"2016-05-02","Open":42.110001,"High":42.490002,"Low":41.799999,"Close":42.169998,"Adj Close":38.714592,"Volume":10701800}