{"Date":"2016-06-28","Open":34.27,"High":34.669998,"Low":33.599998,"Close":34.669998,"Adj Close":31.931677,"Volume":19678200}