{"Date":"2015-08-05","Open":46.360001,"High":46.529999,"Low":46.130001,"Close":46.299999,"Adj Close":42.259636,"Volume":5838700}