{"Date":"2018-02-26","Open":54.610001,"High":54.799999,"Low":53.75,"Close":54.689999,"Adj Close":52.243515,"Volume":7397700}