{"Date":"2015-12-07","Open":50.27,"High":51.82,"Low":50.189999,"Close":51.779999,"Adj Close":47.386856,"Volume":13829500}