{"Date":"2019-03-01","Open":49.369999,"High":49.73,"Low":48.220001,"Close":48.959999,"Adj Close":47.999401,"Volume":11393900}