{"Date":"2016-04-25","Open":44.52,"High":44.880001,"Low":43.790001,"Close":43.93,"Adj Close":40.330379,"Volume":8774300}