{"Date":"2018-05-02","Open":52.810001,"High":53.169998,"Low":52.279999,"Close":52.360001,"Adj Close":50.017746,"Volume":5142800}