{"Date":"2015-08-12","Open":46.799999,"High":46.810001,"Low":44.77,"Close":46.599998,"Adj Close":42.533455,"Volume":11334000}