{"Date":"2018-02-01","Open":56.509998,"High":57.18,"Low":56.0,"Close":56.419998,"Adj Close":53.586895,"Volume":5492900}