{"Date":"2016-07-06","Open":34.959999,"High":35.610001,"Low":34.080002,"Close":35.580002,"Adj Close":32.769806,"Volume":14540000}