{"Date":"2018-09-04","Open":58.5,"High":59.18,"Low":58.439999,"Close":58.880001,"Adj Close":56.96619,"Volume":5017400}