{"Date":"2017-05-08","Open":48.73,"High":49.09,"Low":48.400002,"Close":48.52,"Adj Close":45.318657,"Volume":8671600}