{"Date":"2016-12-05","Open":48.509998,"High":48.810001,"Low":47.59,"Close":47.82,"Adj Close":44.488224,"Volume":9240200}