{"Date":"2016-02-16","Open":43.490002,"High":44.669998,"Low":43.09,"Close":44.580002,"Adj Close":40.92712,"Volume":8128800}