{"Date":"2016-09-14","Open":37.43,"High":37.889999,"Low":36.93,"Close":37.119999,"Adj Close":34.375553,"Volume":9468400}