{"Date":"2018-10-09","Open":52.529999,"High":52.93,"Low":50.759998,"Close":50.860001,"Adj Close":49.206863,"Volume":8284700}