{"Date":"2017-03-13","Open":47.900002,"High":48.220001,"Low":47.169998,"Close":47.349998,"Adj Close":44.225853,"Volume":6995300}