{"Date":"2008-02-26","Open":15.95,"High":16.209999,"Low":15.5,"Close":15.91,"Adj Close":14.23055,"Volume":2247100}