{"Date":"2016-02-10","Open":42.630001,"High":43.779999,"Low":42.470001,"Close":43.27,"Adj Close":39.598869,"Volume":11356200}