{"Date":"2015-11-02","Open":50.900002,"High":51.27,"Low":50.669998,"Close":50.700001,"Adj Close":46.275669,"Volume":8548100}