{"Date":"2017-05-11","Open":50.009998,"High":50.18,"Low":48.91,"Close":49.689999,"Adj Close":46.411461,"Volume":8817400}