{"Date":"2017-01-20","Open":49.77,"High":50.540001,"Low":49.709999,"Close":50.5,"Adj Close":46.981503,"Volume":7722400}