{"Date":"2015-09-16","Open":46.830002,"High":47.41,"Low":46.529999,"Close":47.09,"Adj Close":42.980698,"Volume":7903500}