{"Date":"2016-01-13","Open":47.5,"High":47.5,"Low":44.540001,"Close":44.939999,"Adj Close":41.127178,"Volume":10964500}