{"Date":"2015-07-28","Open":43.93,"High":44.950001,"Low":43.900002,"Close":44.91,"Adj Close":40.87154,"Volume":7624700}