{"Date":"2016-10-11","Open":40.25,"High":40.259998,"Low":38.790001,"Close":38.939999,"Adj Close":36.060989,"Volume":12166600}