{"Date":"2018-01-02","Open":56.290001,"High":56.740002,"Low":55.869999,"Close":56.740002,"Adj Close":53.890827,"Volume":5297600}