{"Date":"2015-07-08","Open":40.459999,"High":40.880001,"Low":40.009998,"Close":40.169998,"Adj Close":36.557777,"Volume":8642700}