{"Date":"2016-03-23","Open":49.59,"High":49.73,"Low":48.599998,"Close":48.91,"Adj Close":44.902321,"Volume":8783100}