{"Date":"2017-01-27","Open":51.0,"High":51.119999,"Low":49.57,"Close":49.700001,"Adj Close":46.23724,"Volume":6852000}