{"Date":"2018-10-04","Open":54.25,"High":54.43,"Low":53.040001,"Close":53.560001,"Adj Close":51.819111,"Volume":7681100}