{"Date":"2016-10-14","Open":40.450001,"High":40.75,"Low":39.82,"Close":40.040001,"Adj Close":37.079666,"Volume":12133300}