{"Date":"2017-05-04","Open":48.459999,"High":48.799999,"Low":48.200001,"Close":48.639999,"Adj Close":45.430744,"Volume":7467400}