{"Date":"2015-07-27","Open":43.599998,"High":44.18,"Low":43.049999,"Close":43.93,"Adj Close":39.97966,"Volume":7301600}