{"Date":"2017-10-03","Open":48.150002,"High":51.369999,"Low":48.150002,"Close":51.25,"Adj Close":48.375553,"Volume":16065400}