{"Date":"2018-12-04","Open":57.98,"High":59.189999,"Low":56.330002,"Close":56.939999,"Adj Close":55.435402,"Volume":14429000}