{"Date":"2015-08-28","Open":43.939999,"High":44.299999,"Low":43.41,"Close":43.939999,"Adj Close":40.105576,"Volume":9205800}