{"Date":"2017-01-10","Open":49.93,"High":51.349998,"Low":49.860001,"Close":50.93,"Adj Close":47.381546,"Volume":8440500}