{"Date":"2015-11-06","Open":50.529999,"High":51.48,"Low":50.450001,"Close":51.200001,"Adj Close":46.856068,"Volume":6376100}