{"Date":"2018-08-07","Open":54.599998,"High":55.09,"Low":54.52,"Close":54.700001,"Adj Close":52.922058,"Volume":4425300}