{"Date":"2016-07-21","Open":39.110001,"High":39.259998,"Low":38.27,"Close":38.52,"Adj Close":35.477596,"Volume":17399700}