{"Date":"2016-09-08","Open":38.860001,"High":39.299999,"Low":38.599998,"Close":39.290001,"Adj Close":36.385117,"Volume":10542100}