{"Date":"2015-10-28","Open":51.130001,"High":51.130001,"Low":49.540001,"Close":50.139999,"Adj Close":45.764534,"Volume":7435100}