{"Date":"2016-03-08","Open":46.709999,"High":47.099998,"Low":46.009998,"Close":46.220001,"Adj Close":42.432739,"Volume":13690500}