{"Date":"2019-01-11","Open":48.220001,"High":48.669998,"Low":47.59,"Close":48.560001,"Adj Close":47.27684,"Volume":6577900}