{"Date":"2008-02-21","Open":16.99,"High":17.15,"Low":15.81,"Close":16.209999,"Adj Close":14.498877,"Volume":2810000}