{"Date":"2017-12-08","Open":53.950001,"High":54.619999,"Low":53.369999,"Close":53.459999,"Adj Close":50.775539,"Volume":6642700}