{"Date":"2015-08-18","Open":48.080002,"High":48.299999,"Low":46.919998,"Close":47.360001,"Adj Close":43.227139,"Volume":8076100}