{"Date":"2018-08-15","Open":54.799999,"High":55.549999,"Low":54.360001,"Close":55.23,"Adj Close":53.434822,"Volume":4896500}