{"Date":"2015-04-15","Open":44.48,"High":45.34,"Low":43.799999,"Close":44.200001,"Adj Close":40.142918,"Volume":22814900}