{"Date":"2018-04-06","Open":53.849998,"High":54.299999,"Low":52.509998,"Close":53.049999,"Adj Close":50.676872,"Volume":6918700}