{"Date":"2016-08-02","Open":38.82,"High":38.849998,"Low":36.290001,"Close":36.389999,"Adj Close":33.515835,"Volume":19993500}