{"Date":"2016-07-12","Open":39.200001,"High":40.41,"Low":39.130001,"Close":40.209999,"Adj Close":37.034115,"Volume":19533000}