{"Date":"2015-07-17","Open":44.650002,"High":45.099998,"Low":44.380001,"Close":44.939999,"Adj Close":40.898838,"Volume":9625000}