{"Date":"2017-08-28","Open":46.830002,"High":47.209999,"Low":46.650002,"Close":46.950001,"Adj Close":44.316727,"Volume":7816400}