{"Date":"2018-10-08","Open":52.369999,"High":52.709999,"Low":51.610001,"Close":52.139999,"Adj Close":50.445263,"Volume":5495700}