{"Date":"2018-11-07","Open":55.810001,"High":57.25,"Low":55.639999,"Close":56.790001,"Adj Close":55.289371,"Volume":7204600}