{"Date":"2016-01-14","Open":45.029999,"High":45.75,"Low":44.02,"Close":45.34,"Adj Close":41.493237,"Volume":11555000}