{"Date":"2018-11-14","Open":56.93,"High":57.560001,"Low":56.209999,"Close":56.43,"Adj Close":54.938881,"Volume":5543300}