{"Date":"2017-09-25","Open":48.419998,"High":48.66,"Low":47.82,"Close":48.32,"Adj Close":45.609882,"Volume":6603400}