{"Date":"2017-03-28","Open":46.099998,"High":46.799999,"Low":45.759998,"Close":46.529999,"Adj Close":43.459957,"Volume":7321200}