{"Date":"2016-01-07","Open":48.389999,"High":48.68,"Low":46.740002,"Close":47.0,"Adj Close":43.012402,"Volume":11301100}