{"Date":"2016-06-09","Open":41.75,"High":42.580002,"Low":41.52,"Close":42.400002,"Adj Close":39.051147,"Volume":7618100}