{"Date":"2015-06-09","Open":40.099998,"High":41.150002,"Low":38.970001,"Close":40.720001,"Adj Close":37.058319,"Volume":29310500}