{"Date":"2018-07-13","Open":50.5,"High":50.990002,"Low":50.330002,"Close":50.77,"Adj Close":48.787132,"Volume":6835900}