{"Date":"2018-12-06","Open":56.630001,"High":58.23,"Low":56.509998,"Close":58.080002,"Adj Close":56.545288,"Volume":9052500}