{"Date":"2017-10-06","Open":51.400002,"High":52.52,"Low":51.400002,"Close":52.009998,"Adj Close":49.092922,"Volume":6735400}