{"Date":"2015-10-09","Open":46.290001,"High":47.330002,"Low":46.16,"Close":47.209999,"Adj Close":43.090214,"Volume":10715300}