{"Date":"2018-01-25","Open":57.0,"High":57.139999,"Low":54.490002,"Close":54.810001,"Adj Close":52.057743,"Volume":18385800}