{"Date":"2017-01-09","Open":49.459999,"High":50.169998,"Low":49.419998,"Close":49.689999,"Adj Close":46.22794,"Volume":5332900}