{"Date":"2017-02-08","Open":48.259998,"High":48.299999,"Low":47.73,"Close":48.099998,"Adj Close":44.748711,"Volume":5342600}