{"Date":"2017-02-02","Open":46.59,"High":47.66,"Low":46.48,"Close":47.380001,"Adj Close":44.078884,"Volume":8795700}