{"Date":"2015-10-15","Open":48.950001,"High":49.32,"Low":48.360001,"Close":48.93,"Adj Close":44.660122,"Volume":8423700}