{"Date":"2016-10-04","Open":41.25,"High":41.380001,"Low":40.099998,"Close":40.150002,"Adj Close":37.18153,"Volume":12479200}