{"Date":"2015-04-21","Open":45.900002,"High":46.389999,"Low":45.560001,"Close":46.23,"Adj Close":41.98658,"Volume":9400600}