{"Date":"2016-08-26","Open":36.509998,"High":36.639999,"Low":35.900002,"Close":36.09,"Adj Close":33.421707,"Volume":7882000}