{"Date":"2016-05-12","Open":42.439999,"High":42.470001,"Low":40.639999,"Close":41.07,"Adj Close":37.826199,"Volume":13454000}