{"Date":"2017-03-16","Open":47.619999,"High":47.700001,"Low":47.02,"Close":47.41,"Adj Close":44.281895,"Volume":7899000}