{"Date":"2016-12-07","Open":49.439999,"High":51.330002,"Low":49.18,"Close":51.099998,"Adj Close":47.539692,"Volume":10667600}