{"Date":"2017-09-06","Open":45.220001,"High":47.450001,"Low":44.59,"Close":47.389999,"Adj Close":44.732044,"Volume":18675300}