{"Date":"2017-07-27","Open":50.400002,"High":50.98,"Low":49.529999,"Close":50.080002,"Adj Close":46.967834,"Volume":12402000}