{"Date":"2016-01-21","Open":46.650002,"High":47.119999,"Low":45.369999,"Close":46.52,"Adj Close":42.573124,"Volume":12817400}