{"Date":"2015-12-01","Open":46.810001,"High":47.700001,"Low":46.580002,"Close":47.669998,"Adj Close":43.625557,"Volume":6335800}