{"Date":"2016-05-11","Open":42.689999,"High":43.310001,"Low":42.290001,"Close":42.299999,"Adj Close":38.959049,"Volume":9037700}