{"Date":"2018-04-05","Open":54.310001,"High":54.48,"Low":53.700001,"Close":54.209999,"Adj Close":51.784988,"Volume":4417800}