{"Date":"2016-10-07","Open":39.869999,"High":39.93,"Low":38.799999,"Close":38.950001,"Adj Close":36.070248,"Volume":10707000}