{"Date":"2015-11-18","Open":47.830002,"High":47.990002,"Low":46.650002,"Close":47.75,"Adj Close":43.698765,"Volume":10952800}