{"Date":"2019-03-28","Open":50.110001,"High":50.650002,"Low":49.900002,"Close":50.32,"Adj Close":49.332722,"Volume":6600100}