{"Date":"2015-08-20","Open":46.549999,"High":47.080002,"Low":45.669998,"Close":45.709999,"Adj Close":41.721119,"Volume":9484800}