{"Date":"2016-09-13","Open":38.200001,"High":38.509998,"Low":37.389999,"Close":37.529999,"Adj Close":34.755234,"Volume":10203900}