{"Date":"2017-08-25","Open":45.43,"High":47.060001,"Low":45.349998,"Close":46.68,"Adj Close":44.061871,"Volume":13938800}