{"Date":"2015-12-31","Open":51.0,"High":51.080002,"Low":50.349998,"Close":50.689999,"Adj Close":46.389336,"Volume":5911400}