{"Date":"2016-04-14","Open":48.950001,"High":49.799999,"Low":48.27,"Close":48.490002,"Adj Close":44.516735,"Volume":15906500}