{"Date":"2015-08-26","Open":42.610001,"High":43.880001,"Low":41.490002,"Close":43.700001,"Adj Close":39.88652,"Volume":14221500}