{"Date":"2007-06-05","Open":18.85,"High":19.040001,"Low":18.73,"Close":18.950001,"Adj Close":16.949654,"Volume":4510000}