{"Date":"2017-04-07","Open":45.220001,"High":45.41,"Low":44.75,"Close":45.169998,"Adj Close":42.189693,"Volume":9007300}