{"Date":"2016-04-05","Open":46.970001,"High":47.810001,"Low":46.720001,"Close":47.16,"Adj Close":43.295712,"Volume":6506900}