{"Date":"2018-07-03","Open":49.25,"High":49.529999,"Low":48.619999,"Close":48.779999,"Adj Close":46.874851,"Volume":6449500}