{"Date":"2018-03-27","Open":55.310001,"High":55.48,"Low":53.959999,"Close":54.259998,"Adj Close":51.832752,"Volume":6699600}