{"Date":"2018-01-30","Open":55.599998,"High":56.540001,"Low":55.419998,"Close":56.119999,"Adj Close":53.30196,"Volume":7026800}