{"Date":"2019-03-12","Open":51.189999,"High":51.32,"Low":50.02,"Close":50.669998,"Adj Close":49.675846,"Volume":8073900}