{"Date":"2016-05-19","Open":43.27,"High":43.880001,"Low":42.549999,"Close":43.099998,"Adj Close":39.695858,"Volume":8860800}