{"Date":"2017-12-20","Open":56.0,"High":56.610001,"Low":55.68,"Close":56.220001,"Adj Close":53.396938,"Volume":7234700}