{"Date":"2018-04-18","Open":55.009998,"High":56.02,"Low":54.720001,"Close":55.209999,"Adj Close":52.740253,"Volume":7504900}