{"Date":"2007-06-08","Open":18.200001,"High":18.83,"Low":18.200001,"Close":18.83,"Adj Close":16.842316,"Volume":2124100}