{"Date":"2018-06-15","Open":54.650002,"High":55.18,"Low":54.119999,"Close":55.18,"Adj Close":53.024891,"Volume":8125300}