{"Date":"2019-01-08","Open":48.48,"High":48.669998,"Low":46.950001,"Close":47.470001,"Adj Close":46.215641,"Volume":8231400}