{"Date":"2016-05-05","Open":41.59,"High":42.27,"Low":41.450001,"Close":41.75,"Adj Close":38.329006,"Volume":10271100}