{"Date":"2008-02-25","Open":16.4,"High":16.540001,"Low":15.4,"Close":16.15,"Adj Close":14.445211,"Volume":3352300}