{"Date":"2017-09-18","Open":48.330002,"High":48.450001,"Low":47.77,"Close":47.959999,"Adj Close":45.270069,"Volume":6011400}