{"Date":"2016-12-02","Open":48.32,"High":48.939999,"Low":47.889999,"Close":48.310001,"Adj Close":44.944092,"Volume":8869900}