{"Date":"2019-01-25","Open":47.650002,"High":48.150002,"Low":46.900002,"Close":47.689999,"Adj Close":46.429829,"Volume":11839200}