{"Date":"2015-07-13","Open":43.209999,"High":43.52,"Low":43.0,"Close":43.369999,"Adj Close":39.47002,"Volume":10131500}