{"Date":"2019-01-04","Open":46.369999,"High":48.830002,"Low":46.240002,"Close":47.790001,"Adj Close":46.527187,"Volume":11037000}