{"Date":"2015-08-04","Open":46.32,"High":47.099998,"Low":45.779999,"Close":46.349998,"Adj Close":42.182045,"Volume":11268300}