{"Date":"2017-09-11","Open":47.950001,"High":49.209999,"Low":47.939999,"Close":48.82,"Adj Close":46.081841,"Volume":12512600}