{"Date":"2016-03-30","Open":49.540001,"High":50.080002,"Low":49.290001,"Close":49.330002,"Adj Close":45.287903,"Volume":5779300}