{"Date":"2017-07-05","Open":54.150002,"High":54.610001,"Low":53.740002,"Close":54.330002,"Adj Close":50.953716,"Volume":5793000}