{"Date":"2017-08-02","Open":50.009998,"High":50.299999,"Low":49.48,"Close":50.009998,"Adj Close":46.90218,"Volume":5215100}