{"Date":"2018-07-24","Open":52.380001,"High":52.560001,"Low":51.57,"Close":51.68,"Adj Close":49.661587,"Volume":4652700}