{"Date":"2017-11-02","Open":50.48,"High":50.490002,"Low":49.639999,"Close":50.34,"Adj Close":47.51659,"Volume":6437200}