{"Date":"2017-05-24","Open":48.669998,"High":48.970001,"Low":48.48,"Close":48.869999,"Adj Close":45.833027,"Volume":5139600}