{"Date":"2018-07-16","Open":50.900002,"High":50.91,"Low":50.09,"Close":50.669998,"Adj Close":48.691032,"Volume":8603200}