{"Date":"2017-03-08","Open":47.68,"High":47.970001,"Low":47.52,"Close":47.669998,"Adj Close":44.524742,"Volume":7165900}