{"Date":"2017-01-19","Open":50.279999,"High":50.5,"Low":49.619999,"Close":49.700001,"Adj Close":46.23724,"Volume":7012700}