{"Date":"2015-11-16","Open":47.860001,"High":48.150002,"Low":47.009998,"Close":47.93,"Adj Close":43.863495,"Volume":12339200}