{"Date":"2017-11-22","Open":50.540001,"High":50.830002,"Low":50.27,"Close":50.41,"Adj Close":47.878685,"Volume":4160200}