{"Date":"2016-05-10","Open":42.490002,"High":43.040001,"Low":42.41,"Close":42.950001,"Adj Close":39.557705,"Volume":9299300}