{"Date":"2015-11-05","Open":50.830002,"High":51.150002,"Low":50.32,"Close":50.540001,"Adj Close":46.252068,"Volume":5736700}