{"Date":"2018-04-09","Open":53.360001,"High":53.700001,"Low":52.48,"Close":52.560001,"Adj Close":50.208801,"Volume":6179300}