{"Date":"2015-09-18","Open":47.080002,"High":47.189999,"Low":46.549999,"Close":46.669998,"Adj Close":42.597336,"Volume":11862900}