{"Date":"2015-06-17","Open":40.419998,"High":41.080002,"Low":40.23,"Close":40.799999,"Adj Close":37.13113,"Volume":7057900}