{"Date":"2016-06-13","Open":41.59,"High":41.700001,"Low":40.529999,"Close":40.57,"Adj Close":37.365681,"Volume":9946500}