{"Date":"2018-08-31","Open":58.439999,"High":58.779999,"Low":58.34,"Close":58.48,"Adj Close":56.579185,"Volume":6076700}