{"Date":"2017-12-22","Open":56.169998,"High":56.23,"Low":55.869999,"Close":56.029999,"Adj Close":53.21648,"Volume":3891800}