{"Date":"2015-12-21","Open":50.459999,"High":51.5,"Low":50.419998,"Close":51.459999,"Adj Close":47.094002,"Volume":8822100}