{"Date":"2018-11-06","Open":55.709999,"High":55.869999,"Low":54.75,"Close":55.470001,"Adj Close":54.00425,"Volume":5983100}