{"Date":"2015-09-29","Open":44.509998,"High":44.93,"Low":43.57,"Close":44.040001,"Adj Close":40.196846,"Volume":7508800}