{"Date":"2015-08-27","Open":44.189999,"High":44.349998,"Low":42.77,"Close":43.860001,"Adj Close":40.032551,"Volume":12853000}