{"Date":"2016-02-11","Open":42.619999,"High":43.52,"Low":42.139999,"Close":42.700001,"Adj Close":39.077225,"Volume":10019500}