{"Date":"2018-12-03","Open":61.0,"High":61.07,"Low":59.810001,"Close":60.119999,"Adj Close":58.531376,"Volume":6759400}