{"Date":"2017-07-24","Open":52.16,"High":52.41,"Low":51.419998,"Close":51.529999,"Adj Close":48.327721,"Volume":8208700}