{"Date":"2018-10-31","Open":55.610001,"High":56.130001,"Low":54.68,"Close":54.73,"Adj Close":52.951077,"Volume":8699500}