{"Date":"2017-02-28","Open":50.5,"High":50.599998,"Low":49.860001,"Close":49.93,"Adj Close":46.635628,"Volume":6950200}