{"Date":"2016-07-27","Open":38.880001,"High":38.919998,"Low":38.5,"Close":38.540001,"Adj Close":35.496021,"Volume":8671900}