{"Date":"2018-09-12","Open":58.34,"High":58.380001,"Low":57.16,"Close":57.389999,"Adj Close":55.524616,"Volume":5116100}