{"Date":"2015-08-11","Open":46.290001,"High":47.48,"Low":46.130001,"Close":47.099998,"Adj Close":42.989819,"Volume":9734300}