{"Date":"2016-06-29","Open":35.400002,"High":36.380001,"Low":34.91,"Close":36.240002,"Adj Close":33.377678,"Volume":15059700}