{"Date":"2018-07-09","Open":49.580002,"High":50.779999,"Low":49.299999,"Close":50.509998,"Adj Close":48.537285,"Volume":7895600}