{"Date":"2018-12-12","Open":56.459999,"High":56.970001,"Low":56.0,"Close":56.27,"Adj Close":54.783108,"Volume":6175700}