{"Date":"2017-05-12","Open":49.490002,"High":49.57,"Low":48.900002,"Close":48.990002,"Adj Close":45.757641,"Volume":7180500}