{"Date":"2017-12-05","Open":52.84,"High":53.169998,"Low":52.310001,"Close":52.389999,"Adj Close":49.759262,"Volume":5536800}