{"Date":"2018-10-26","Open":53.310001,"High":54.189999,"Low":52.139999,"Close":53.279999,"Adj Close":51.54821,"Volume":9573000}