{"Date":"2016-07-05","Open":36.0,"High":36.240002,"Low":34.779999,"Close":35.619999,"Adj Close":32.806648,"Volume":14239500}