{"Date":"2015-05-18","Open":46.990002,"High":47.59,"Low":46.869999,"Close":47.369999,"Adj Close":43.110325,"Volume":7940000}