{"Date":"2015-09-28","Open":45.869999,"High":45.939999,"Low":44.360001,"Close":44.66,"Adj Close":40.762741,"Volume":7367300}