{"Date":"2017-03-10","Open":47.310001,"High":47.98,"Low":47.209999,"Close":47.91,"Adj Close":44.748909,"Volume":6263100}