{"Date":"2016-04-07","Open":47.0,"High":47.189999,"Low":45.41,"Close":45.799999,"Adj Close":42.047153,"Volume":10434300}