{"Date":"2016-02-17","Open":44.98,"High":46.27,"Low":44.950001,"Close":46.099998,"Adj Close":42.322567,"Volume":10338400}