{"Date":"2018-09-10","Open":57.049999,"High":57.740002,"Low":56.82,"Close":57.560001,"Adj Close":55.689095,"Volume":3894900}