{"Date":"2017-09-21","Open":48.0,"High":48.349998,"Low":47.419998,"Close":48.16,"Adj Close":45.458855,"Volume":6235600}