{"Date":"2019-03-18","Open":51.07,"High":51.25,"Low":50.529999,"Close":50.740002,"Adj Close":49.74448,"Volume":6415200}