{"Date":"2018-05-17","Open":53.419998,"High":53.970001,"Low":53.0,"Close":53.099998,"Adj Close":51.026127,"Volume":6069600}