{"Date":"2017-03-31","Open":46.119999,"High":46.290001,"Low":45.889999,"Close":45.959999,"Adj Close":42.927563,"Volume":7052700}