{"Date":"2016-06-27","Open":34.84,"High":34.939999,"Low":32.599998,"Close":33.360001,"Adj Close":30.725147,"Volume":28380600}