{"Date":"2016-05-26","Open":43.470001,"High":43.599998,"Low":42.400002,"Close":42.759998,"Adj Close":39.38271,"Volume":8512400}