{"Date":"2018-04-30","Open":53.549999,"High":53.779999,"Low":52.220001,"Close":52.220001,"Adj Close":49.88401,"Volume":8200000}