{"Date":"2017-03-06","Open":49.5,"High":49.849998,"Low":48.209999,"Close":48.849998,"Adj Close":45.626888,"Volume":11368700}