{"Date":"2018-11-08","Open":56.59,"High":56.959999,"Low":55.880001,"Close":56.73,"Adj Close":55.230957,"Volume":4150400}