{"Date":"2015-09-22","Open":46.900002,"High":47.169998,"Low":45.959999,"Close":46.459999,"Adj Close":42.405674,"Volume":8329500}