{"Date":"2017-07-14","Open":54.5,"High":55.389999,"Low":54.400002,"Close":55.130001,"Adj Close":51.704002,"Volume":9228700}