{"Date":"2018-08-16","Open":55.330002,"High":55.799999,"Low":55.220001,"Close":55.450001,"Adj Close":53.647675,"Volume":3366100}