{"Date":"2017-03-15","Open":45.93,"High":47.490002,"Low":45.23,"Close":47.189999,"Adj Close":44.076412,"Volume":17933000}