{"Date":"2015-10-07","Open":45.200001,"High":46.0,"Low":44.470001,"Close":45.990002,"Adj Close":41.976681,"Volume":11737900}