{"Date":"2018-10-15","Open":52.0,"High":52.5,"Low":51.759998,"Close":51.84,"Adj Close":50.15501,"Volume":6494400}