{"Date":"2016-08-10","Open":37.0,"High":37.119999,"Low":36.240002,"Close":36.48,"Adj Close":33.782867,"Volume":9604700}