{"Date":"2018-04-26","Open":53.900002,"High":54.040001,"Low":52.779999,"Close":53.130001,"Adj Close":50.7533,"Volume":12130500}