{"Date":"2015-08-19","Open":47.360001,"High":47.59,"Low":46.610001,"Close":47.080002,"Adj Close":42.971565,"Volume":9389300}