{"Date":"2017-12-26","Open":55.900002,"High":56.779999,"Low":55.889999,"Close":56.43,"Adj Close":53.596397,"Volume":3276700}