{"Date":"2018-02-21","Open":52.669998,"High":54.389999,"Low":52.580002,"Close":53.16,"Adj Close":50.490597,"Volume":7604700}