{"Date":"2017-04-17","Open":44.130001,"High":44.450001,"Low":44.0,"Close":44.349998,"Adj Close":41.423798,"Volume":7140300}