{"Date":"2015-12-11","Open":50.369999,"High":50.650002,"Low":49.220001,"Close":49.279999,"Adj Close":45.098957,"Volume":8651600}