{"Date":"2016-02-01","Open":44.73,"High":45.580002,"Low":44.009998,"Close":45.209999,"Adj Close":41.374271,"Volume":8618200}