{"Date":"2016-03-07","Open":48.240002,"High":48.48,"Low":47.849998,"Close":48.389999,"Adj Close":44.424927,"Volume":8291900}