{"Date":"2018-08-30","Open":58.330002,"High":58.689999,"Low":58.18,"Close":58.439999,"Adj Close":56.540489,"Volume":3020300}