{"Date":"2017-12-27","Open":56.369999,"High":56.490002,"Low":55.919998,"Close":56.119999,"Adj Close":53.30196,"Volume":3766400}