{"Date":"2018-01-23","Open":60.099998,"High":60.279999,"Low":59.41,"Close":59.93,"Adj Close":56.920643,"Volume":7427100}