{"Date":"2016-04-08","Open":46.099998,"High":46.619999,"Low":45.66,"Close":46.290001,"Adj Close":42.497002,"Volume":5845000}