{"Date":"2019-03-15","Open":51.290001,"High":51.470001,"Low":50.98,"Close":51.189999,"Adj Close":50.18565,"Volume":8192400}