{"Date":"2015-06-24","Open":42.970001,"High":43.130001,"Low":42.5,"Close":42.66,"Adj Close":38.823864,"Volume":7413400}