{"Date":"2015-08-03","Open":44.68,"High":45.849998,"Low":44.57,"Close":45.73,"Adj Close":41.617805,"Volume":12159300}