{"Date":"2016-03-28","Open":47.900002,"High":48.509998,"Low":47.77,"Close":48.200001,"Adj Close":44.250488,"Volume":5887600}