{"Date":"2016-05-24","Open":43.099998,"High":43.77,"Low":43.049999,"Close":43.630001,"Adj Close":40.18399,"Volume":9359900}