{"Date":"2007-05-07","Open":21.200001,"High":21.290001,"Low":20.200001,"Close":20.360001,"Adj Close":18.210814,"Volume":2646300}