{"Date":"2017-06-28","Open":53.25,"High":54.200001,"Low":53.25,"Close":53.84,"Adj Close":50.494164,"Volume":6745200}