{"Date":"2016-09-02","Open":36.669998,"High":37.490002,"Low":36.669998,"Close":37.169998,"Adj Close":34.421844,"Volume":10201900}