{"Date":"2016-03-24","Open":48.48,"High":48.560001,"Low":47.360001,"Close":47.84,"Adj Close":43.919994,"Volume":9139000}