{"Date":"2015-05-07","Open":44.27,"High":45.970001,"Low":44.27,"Close":45.360001,"Adj Close":41.281078,"Volume":15678600}