{"Date":"2018-11-02","Open":56.5,"High":57.029999,"Low":55.639999,"Close":56.119999,"Adj Close":54.295895,"Volume":6488600}