{"Date":"2017-06-07","Open":51.009998,"High":52.5,"Low":50.650002,"Close":52.27,"Adj Close":49.021732,"Volume":10888400}