{"Date":"2017-04-28","Open":45.900002,"High":46.040001,"Low":45.290001,"Close":45.439999,"Adj Close":42.441875,"Volume":6600000}