{"Date":"2018-03-15","Open":56.470001,"High":56.549999,"Low":55.810001,"Close":56.34,"Adj Close":53.819702,"Volume":4266300}