{"Date":"2017-04-19","Open":44.810001,"High":45.599998,"Low":44.700001,"Close":45.080002,"Adj Close":42.105633,"Volume":8488200}