{"Date":"2018-09-05","Open":59.0,"High":59.599998,"Low":56.950001,"Close":57.209999,"Adj Close":55.350468,"Volume":9495500}