{"Date":"2016-05-16","Open":42.549999,"High":43.16,"Low":42.049999,"Close":43.0,"Adj Close":39.60376,"Volume":12303100}