{"Date":"2016-06-30","Open":36.259998,"High":36.43,"Low":35.73,"Close":36.43,"Adj Close":33.552677,"Volume":12413700}