{"Date":"2016-03-14","Open":47.5,"High":48.240002,"Low":47.32,"Close":47.889999,"Adj Close":43.965893,"Volume":5798900}