{"Date":"2018-02-22","Open":53.259998,"High":53.450001,"Low":52.450001,"Close":52.549999,"Adj Close":50.199245,"Volume":4899800}