{"Date":"2019-03-13","Open":50.98,"High":51.09,"Low":50.080002,"Close":51.02,"Adj Close":50.018986,"Volume":10536300}