{"Date":"2017-07-13","Open":54.549999,"High":55.029999,"Low":53.82,"Close":54.5,"Adj Close":51.113155,"Volume":13257400}