{"Date":"2016-07-01","Open":36.41,"High":37.0,"Low":36.310001,"Close":36.77,"Adj Close":33.865818,"Volume":9408400}