{"Date":"2018-02-08","Open":53.849998,"High":53.900002,"Low":51.209999,"Close":51.23,"Adj Close":48.657516,"Volume":12197900}