{"Date":"2015-07-29","Open":44.810001,"High":45.330002,"Low":43.849998,"Close":44.18,"Adj Close":40.207184,"Volume":10355300}