{"Date":"2018-03-08","Open":53.959999,"High":55.009998,"Low":53.860001,"Close":54.639999,"Adj Close":52.195751,"Volume":6740700}