{"Date":"2015-06-18","Open":40.669998,"High":41.43,"Low":40.459999,"Close":41.349998,"Adj Close":37.631664,"Volume":7198400}