{"Date":"2019-01-24","Open":48.259998,"High":48.549999,"Low":47.169998,"Close":47.52,"Adj Close":46.264324,"Volume":9057200}