{"Date":"2018-11-01","Open":54.93,"High":56.23,"Low":54.790001,"Close":56.040001,"Adj Close":54.218502,"Volume":6401100}