{"Date":"2016-01-20","Open":46.09,"High":46.759998,"Low":42.540001,"Close":45.689999,"Adj Close":41.813541,"Volume":21927500}