{"Date":"2016-03-17","Open":48.580002,"High":48.779999,"Low":48.060001,"Close":48.619999,"Adj Close":44.636082,"Volume":6578000}