{"Date":"2008-02-20","Open":16.75,"High":17.0,"Low":16.08,"Close":16.809999,"Adj Close":15.035543,"Volume":3164400}