{"Date":"2015-07-14","Open":42.950001,"High":43.959999,"Low":42.610001,"Close":43.66,"Adj Close":39.733944,"Volume":13648600}