{"Date":"2018-05-29","Open":55.389999,"High":55.599998,"Low":53.82,"Close":54.23,"Adj Close":52.111996,"Volume":6544600}