{"Date":"2015-12-18","Open":51.040001,"High":51.950001,"Low":49.959999,"Close":49.959999,"Adj Close":45.721264,"Volume":15753500}