{"Date":"2018-04-12","Open":52.599998,"High":53.639999,"Low":51.950001,"Close":52.98,"Adj Close":50.610012,"Volume":12713600}