{"Date":"2017-06-23","Open":52.799999,"High":53.169998,"Low":52.619999,"Close":52.919998,"Adj Close":49.63134,"Volume":15792900}