{"Date":"2015-12-09","Open":50.02,"High":50.740002,"Low":49.139999,"Close":49.509998,"Adj Close":45.309444,"Volume":8144700}