{"Date":"2017-02-01","Open":47.48,"High":47.77,"Low":47.040001,"Close":47.259998,"Adj Close":43.967243,"Volume":8377500}