{"Date":"2018-10-10","Open":50.73,"High":50.830002,"Low":49.68,"Close":49.709999,"Adj Close":48.09425,"Volume":13082900}