{"Date":"2015-11-30","Open":47.209999,"High":47.439999,"Low":46.439999,"Close":46.459999,"Adj Close":42.518219,"Volume":8731300}