{"Date":"2017-04-21","Open":45.849998,"High":46.040001,"Low":45.299999,"Close":45.529999,"Adj Close":42.525936,"Volume":6396000}