{"Date":"2015-04-28","Open":46.290001,"High":46.450001,"Low":45.16,"Close":46.200001,"Adj Close":41.959335,"Volume":8684600}