{"Date":"2019-03-04","Open":49.040001,"High":49.57,"Low":48.43,"Close":48.790001,"Adj Close":47.832741,"Volume":10194100}