{"Date":"2018-08-03","Open":54.16,"High":54.439999,"Low":54.009998,"Close":54.259998,"Adj Close":52.496353,"Volume":3147300}