{"Date":"2016-03-11","Open":47.470001,"High":48.07,"Low":47.279999,"Close":47.689999,"Adj Close":43.782288,"Volume":6661600}