{"Date":"2019-04-01","Open":51.82,"High":52.330002,"Low":51.52,"Close":52.18,"Adj Close":51.156227,"Volume":8501400}