{"Date":"2018-07-20","Open":52.66,"High":52.889999,"Low":51.970001,"Close":51.990002,"Adj Close":49.959484,"Volume":6697500}