{"Date":"2017-11-13","Open":48.599998,"High":48.900002,"Low":48.330002,"Close":48.860001,"Adj Close":46.119587,"Volume":5182500}