{"Date":"2017-01-17","Open":50.990002,"High":51.220001,"Low":50.189999,"Close":50.330002,"Adj Close":46.823349,"Volume":7477500}