{"Date":"2015-11-12","Open":49.990002,"High":50.43,"Low":49.900002,"Close":49.98,"Adj Close":45.739574,"Volume":9350200}