{"Date":"2018-03-19","Open":56.540001,"High":56.73,"Low":55.529999,"Close":55.959999,"Adj Close":53.456699,"Volume":6121000}