{"Date":"2018-01-18","Open":59.799999,"High":60.049999,"Low":59.23,"Close":59.450001,"Adj Close":56.464756,"Volume":5846600}