{"Date":"2019-01-28","Open":47.43,"High":48.439999,"Low":47.330002,"Close":48.009998,"Adj Close":46.741371,"Volume":8212100}