{"Date":"2015-09-03","Open":46.060001,"High":46.549999,"Low":44.91,"Close":45.060001,"Adj Close":41.127842,"Volume":10909000}