{"Date":"2017-04-13","Open":44.889999,"High":45.0,"Low":43.810001,"Close":44.029999,"Adj Close":41.124901,"Volume":14894000}