{"Date":"2016-08-12","Open":36.68,"High":36.740002,"Low":36.259998,"Close":36.349998,"Adj Close":33.662479,"Volume":7700600}