{"Date":"2018-03-28","Open":54.470001,"High":54.869999,"Low":53.720001,"Close":53.93,"Adj Close":51.517517,"Volume":7473500}