{"Date":"2016-10-12","Open":39.009998,"High":39.5,"Low":38.560001,"Close":39.27,"Adj Close":36.366592,"Volume":11127500}