{"Date":"2015-06-23","Open":43.380001,"High":43.709999,"Low":43.0,"Close":43.099998,"Adj Close":39.2243,"Volume":7789400}