{"Date":"2018-06-12","Open":54.84,"High":54.84,"Low":53.98,"Close":54.549999,"Adj Close":52.419502,"Volume":5253700}