{"Date":"2018-02-13","Open":51.860001,"High":52.290001,"Low":51.360001,"Close":52.169998,"Adj Close":49.550312,"Volume":8220600}