{"Date":"2015-05-01","Open":44.810001,"High":46.029999,"Low":44.68,"Close":45.66,"Adj Close":41.468903,"Volume":11469900}