{"Date":"2016-01-29","Open":43.139999,"High":44.34,"Low":42.419998,"Close":44.290001,"Adj Close":40.532326,"Volume":12820100}