{"Date":"2016-02-29","Open":47.75,"High":48.799999,"Low":47.400002,"Close":48.240002,"Adj Close":44.287209,"Volume":8030000}