{"Date":"2016-02-26","Open":49.349998,"High":49.450001,"Low":47.700001,"Close":47.860001,"Adj Close":43.938354,"Volume":12282800}