{"Date":"2016-04-28","Open":43.439999,"High":43.799999,"Low":42.759998,"Close":42.860001,"Adj Close":39.348053,"Volume":10229800}