{"Date":"2017-03-23","Open":45.869999,"High":46.220001,"Low":45.470001,"Close":45.919998,"Adj Close":42.890205,"Volume":5589200}