{"Date":"2017-03-09","Open":47.689999,"High":48.349998,"Low":46.959999,"Close":47.25,"Adj Close":44.132454,"Volume":8790500}