{"Date":"2015-08-10","Open":46.73,"High":47.189999,"Low":46.209999,"Close":46.32,"Adj Close":42.277885,"Volume":6325400}