{"Date":"2017-11-07","Open":50.57,"High":50.619999,"Low":49.759998,"Close":49.91,"Adj Close":47.110706,"Volume":4427000}