{"Date":"2015-09-04","Open":44.549999,"High":45.990002,"Low":44.310001,"Close":45.400002,"Adj Close":41.438171,"Volume":8955300}