{"Date":"2018-05-09","Open":52.169998,"High":52.279999,"Low":51.459999,"Close":51.619999,"Adj Close":49.310844,"Volume":8403900}