{"Date":"2016-12-14","Open":49.860001,"High":50.580002,"Low":49.580002,"Close":49.82,"Adj Close":46.348877,"Volume":9555000}