{"Date":"2015-10-27","Open":51.0,"High":51.48,"Low":50.389999,"Close":50.869999,"Adj Close":46.430836,"Volume":7910200}