{"Date":"2017-05-16","Open":49.619999,"High":49.639999,"Low":48.779999,"Close":49.509998,"Adj Close":46.243332,"Volume":6422800}