{"Date":"2017-01-04","Open":50.09,"High":50.93,"Low":49.990002,"Close":50.700001,"Adj Close":47.167564,"Volume":7898600}