{"Date":"2018-12-20","Open":51.529999,"High":52.060001,"Low":50.02,"Close":50.91,"Adj Close":49.564747,"Volume":8428800}