{"Date":"2015-07-30","Open":44.16,"High":44.369999,"Low":43.639999,"Close":44.029999,"Adj Close":40.070671,"Volume":5297100}