{"Date":"2019-05-09","Open":56.139999,"High":56.73,"Low":55.689999,"Close":56.59,"Adj Close":55.814842,"Volume":5003500}