{"Date":"2020-01-27","Open":56.490002,"High":57.18,"Low":55.619999,"Close":56.830002,"Adj Close":56.830002,"Volume":13090200}