{"Date":"2019-04-30","Open":57.82,"High":58.57,"Low":57.759998,"Close":58.290001,"Adj Close":57.146347,"Volume":4030300}