{"Date":"2019-07-24","Open":62.389999,"High":63.439999,"Low":62.380001,"Close":63.16,"Adj Close":62.694824,"Volume":5718800}