{"Date":"2019-10-28","Open":54.720001,"High":55.330002,"Low":54.720001,"Close":55.169998,"Adj Close":55.169998,"Volume":3966400}