{"Date":"2020-02-03","Open":56.200001,"High":57.25,"Low":56.0,"Close":56.040001,"Adj Close":56.040001,"Volume":7499000}