{"Date":"2019-10-16","Open":53.75,"High":54.130001,"Low":53.07,"Close":53.169998,"Adj Close":52.7784,"Volume":5532800}