{"Date":"2019-11-15","Open":56.889999,"High":57.23,"Low":56.82,"Close":56.849998,"Adj Close":56.849998,"Volume":4350100}