{"Date":"2019-07-09","Open":59.57,"High":59.990002,"Low":58.560001,"Close":58.959999,"Adj Close":58.152374,"Volume":7870200}