{"Date":"2019-09-25","Open":58.040001,"High":58.490002,"Low":57.68,"Close":58.310001,"Adj Close":57.880547,"Volume":3193100}