{"Date":"2020-01-15","Open":61.540001,"High":61.939999,"Low":61.029999,"Close":61.619999,"Adj Close":61.619999,"Volume":7953400}