{"Date":"2019-07-31","Open":62.5,"High":62.529999,"Low":60.68,"Close":61.040001,"Adj Close":60.590439,"Volume":7229600}