{"Date":"2019-05-21","Open":54.68,"High":55.029999,"Low":54.59,"Close":54.830002,"Adj Close":54.078949,"Volume":2816800}