{"Date":"2019-10-23","Open":54.049999,"High":54.240002,"Low":53.599998,"Close":53.810001,"Adj Close":53.810001,"Volume":4876100}