{"Date":"2019-07-30","Open":62.310001,"High":62.68,"Low":62.09,"Close":62.630001,"Adj Close":62.168728,"Volume":2910000}