{"Date":"2019-09-05","Open":57.66,"High":58.939999,"Low":57.549999,"Close":58.189999,"Adj Close":57.761425,"Volume":4461600}