{"Date":"2020-01-14","Open":62.040001,"High":62.25,"Low":60.860001,"Close":61.450001,"Adj Close":61.450001,"Volume":16454100}