{"Date":"2019-12-23","Open":59.169998,"High":59.919998,"Low":59.029999,"Close":59.439999,"Adj Close":59.439999,"Volume":3648100}