{"Date":"2019-06-25","Open":56.049999,"High":56.720001,"Low":55.860001,"Close":55.919998,"Adj Close":55.154015,"Volume":3579600}