{"Date":"2019-04-29","Open":57.240002,"High":57.900002,"Low":57.049999,"Close":57.73,"Adj Close":56.597336,"Volume":3215500}