{"Date":"2020-02-14","Open":59.240002,"High":59.470001,"Low":58.580002,"Close":58.900002,"Adj Close":58.900002,"Volume":3810100}