{"Date":"2019-06-10","Open":55.5,"High":55.900002,"Low":54.650002,"Close":54.73,"Adj Close":53.980316,"Volume":3312900}