{"Date":"2019-12-12","Open":55.91,"High":57.490002,"Low":55.610001,"Close":56.689999,"Adj Close":56.689999,"Volume":8868000}