{"Date":"2020-01-30","Open":55.650002,"High":57.18,"Low":55.650002,"Close":57.099998,"Adj Close":57.099998,"Volume":5980700}