{"Date":"2020-02-04","Open":57.200001,"High":58.400002,"Low":57.150002,"Close":57.93,"Adj Close":57.93,"Volume":6880800}