{"Date":"2019-04-05","Open":57.439999,"High":58.200001,"Low":57.330002,"Close":57.73,"Adj Close":56.597336,"Volume":6918300}