{"Date":"2019-12-13","Open":56.790001,"High":57.290001,"Low":56.43,"Close":56.73,"Adj Close":56.73,"Volume":4440400}