{"Date":"2007-06-21","Open":19.200001,"High":19.6,"Low":19.02,"Close":19.51,"Adj Close":17.450539,"Volume":3985700}