{"Date":"2019-09-11","Open":58.619999,"High":59.18,"Low":58.139999,"Close":58.779999,"Adj Close":58.34708,"Volume":4163700}