{"Date":"2019-04-09","Open":57.200001,"High":57.439999,"Low":56.779999,"Close":56.950001,"Adj Close":55.832642,"Volume":9581600}