{"Date":"2019-08-30","Open":58.150002,"High":58.860001,"Low":57.59,"Close":57.860001,"Adj Close":57.433861,"Volume":4268300}