{"Date":"2019-09-13","Open":60.0,"High":60.580002,"Low":59.610001,"Close":60.009998,"Adj Close":59.568024,"Volume":7548400}