{"Date":"2019-05-22","Open":54.490002,"High":54.84,"Low":53.889999,"Close":54.060001,"Adj Close":53.319496,"Volume":3616700}