{"Date":"2019-06-14","Open":56.57,"High":56.630001,"Low":55.779999,"Close":55.990002,"Adj Close":55.223061,"Volume":4382500}