{"Date":"2019-06-18","Open":55.950001,"High":56.52,"Low":55.459999,"Close":56.029999,"Adj Close":55.262508,"Volume":3642500}