{"Date":"2019-09-04","Open":57.619999,"High":58.040001,"Low":56.740002,"Close":57.23,"Adj Close":56.808498,"Volume":4939600}