{"Date":"2019-08-14","Open":57.919998,"High":58.060001,"Low":56.700001,"Close":57.23,"Adj Close":56.808498,"Volume":7662800}