{"Date":"2019-10-18","Open":53.189999,"High":53.990002,"Low":53.18,"Close":53.830002,"Adj Close":53.43354,"Volume":6966400}