{"Date":"2019-09-26","Open":58.110001,"High":58.810001,"Low":57.93,"Close":58.779999,"Adj Close":58.34708,"Volume":3795400}