{"Date":"2019-09-03","Open":57.439999,"High":57.91,"Low":56.650002,"Close":57.290001,"Adj Close":56.868057,"Volume":6601700}