{"Date":"2019-12-19","Open":58.619999,"High":59.240002,"Low":58.419998,"Close":59.139999,"Adj Close":59.139999,"Volume":4455700}