{"Date":"2020-01-24","Open":60.099998,"High":60.209999,"Low":57.84,"Close":58.810001,"Adj Close":58.810001,"Volume":10989500}