{"Date":"2019-12-17","Open":58.419998,"High":59.299999,"Low":58.330002,"Close":58.689999,"Adj Close":58.689999,"Volume":6663200}