{"Date":"2019-08-28","Open":55.84,"High":57.169998,"Low":55.799999,"Close":56.68,"Adj Close":56.26255,"Volume":5264100}