{"Date":"2019-07-19","Open":62.860001,"High":63.09,"Low":60.860001,"Close":60.91,"Adj Close":60.075665,"Volume":7902700}