{"Date":"2019-11-11","Open":57.259998,"High":57.52,"Low":57.09,"Close":57.209999,"Adj Close":57.209999,"Volume":3811600}