{"Date":"2019-04-10","Open":58.970001,"High":58.970001,"Low":56.77,"Close":57.860001,"Adj Close":56.724785,"Volume":14398200}