{"Date":"2019-12-27","Open":59.630001,"High":59.650002,"Low":58.790001,"Close":59.080002,"Adj Close":59.080002,"Volume":3538600}