{"Date":"2019-07-25","Open":62.77,"High":63.130001,"Low":61.84,"Close":62.23,"Adj Close":61.771671,"Volume":5351700}