{"Date":"2007-06-25","Open":19.690001,"High":19.74,"Low":19.110001,"Close":19.43,"Adj Close":17.378979,"Volume":1974400}