{"Date":"2020-01-02","Open":58.93,"High":59.389999,"Low":58.450001,"Close":59.040001,"Adj Close":59.040001,"Volume":4459200}