{"Date":"2019-07-03","Open":59.0,"High":59.619999,"Low":58.889999,"Close":59.150002,"Adj Close":58.339771,"Volume":3303900}