{"Date":"2019-08-07","Open":58.02,"High":59.549999,"Low":57.43,"Close":59.240002,"Adj Close":58.803696,"Volume":7648800}