{"Date":"2020-01-09","Open":59.259998,"High":59.470001,"Low":58.580002,"Close":58.959999,"Adj Close":58.959999,"Volume":5336700}