{"Date":"2019-07-15","Open":61.57,"High":62.41,"Low":61.310001,"Close":61.700001,"Adj Close":60.854847,"Volume":5889000}