{"Date":"2019-10-29","Open":55.139999,"High":55.869999,"Low":55.110001,"Close":55.380001,"Adj Close":55.380001,"Volume":4480100}