{"Date":"2019-05-29","Open":53.75,"High":53.75,"Low":52.810001,"Close":53.209999,"Adj Close":52.481136,"Volume":3929600}