{"Date":"2019-11-13","Open":56.740002,"High":56.880001,"Low":56.299999,"Close":56.5,"Adj Close":56.5,"Volume":4110600}