{"Date":"2019-04-11","Open":57.950001,"High":58.84,"Low":57.82,"Close":58.389999,"Adj Close":57.244381,"Volume":8452400}