{"Date":"2019-05-31","Open":52.470001,"High":52.799999,"Low":51.310001,"Close":51.5,"Adj Close":50.794559,"Volume":5615100}