{"Date":"2019-10-15","Open":53.209999,"High":53.990002,"Low":53.009998,"Close":53.639999,"Adj Close":53.244938,"Volume":8413300}