{"Date":"2019-07-11","Open":60.25,"High":60.790001,"Low":59.470001,"Close":60.16,"Adj Close":59.335938,"Volume":12695600}