{"Date":"2020-01-16","Open":62.060001,"High":62.48,"Low":61.630001,"Close":61.880001,"Adj Close":61.880001,"Volume":4950300}