{"Date":"2019-05-20","Open":54.0,"High":54.669998,"Low":53.75,"Close":54.279999,"Adj Close":53.53648,"Volume":3722800}