{"Date":"2019-08-09","Open":59.689999,"High":60.16,"Low":59.07,"Close":59.529999,"Adj Close":59.091557,"Volume":5606400}