{"Date":"2019-10-11","Open":53.5,"High":53.77,"Low":52.639999,"Close":52.950001,"Adj Close":52.56002,"Volume":10935000}