{"Date":"2019-08-06","Open":58.490002,"High":58.900002,"Low":58.09,"Close":58.790001,"Adj Close":58.35701,"Volume":4704500}