{"Date":"2019-09-12","Open":58.779999,"High":59.889999,"Low":58.779999,"Close":59.439999,"Adj Close":59.00222,"Volume":5188700}