{"Date":"2019-12-30","Open":59.25,"High":59.299999,"Low":58.240002,"Close":58.66,"Adj Close":58.66,"Volume":3779300}