{"Date":"2019-09-09","Open":57.98,"High":58.450001,"Low":57.560001,"Close":58.110001,"Adj Close":57.682018,"Volume":5740500}