{"Date":"2019-04-16","Open":57.66,"High":58.119999,"Low":57.650002,"Close":58.110001,"Adj Close":56.969883,"Volume":3970200}