{"Date":"2019-06-06","Open":55.060001,"High":55.220001,"Low":54.360001,"Close":54.689999,"Adj Close":53.940861,"Volume":6192000}