{"Date":"2019-04-12","Open":58.830002,"High":58.84,"Low":57.549999,"Close":58.049999,"Adj Close":56.911057,"Volume":7693900}