{"Date":"2019-06-07","Open":54.919998,"High":55.849998,"Low":54.919998,"Close":55.07,"Adj Close":54.315662,"Volume":4234800}