{"Date":"2019-10-01","Open":58.049999,"High":58.68,"Low":56.650002,"Close":57.009998,"Adj Close":56.590118,"Volume":7102200}