{"Date":"2019-06-03","Open":51.48,"High":52.700001,"Low":51.41,"Close":52.099998,"Adj Close":51.386341,"Volume":7244600}