{"Date":"2007-06-22","Open":19.5,"High":19.85,"Low":19.370001,"Close":19.75,"Adj Close":17.665201,"Volume":11822000}