{"Date":"2020-02-10","Open":57.540001,"High":58.119999,"Low":57.43,"Close":57.709999,"Adj Close":57.709999,"Volume":4541100}