{"Date":"2019-05-08","Open":56.77,"High":57.080002,"Low":56.18,"Close":56.450001,"Adj Close":55.676758,"Volume":3641400}