{"Date":"2019-09-20","Open":58.799999,"High":59.18,"Low":58.490002,"Close":58.630001,"Adj Close":58.198189,"Volume":6139400}