{"Date":"2019-11-14","Open":56.27,"High":56.75,"Low":56.07,"Close":56.549999,"Adj Close":56.549999,"Volume":3763900}