{"Date":"2019-11-04","Open":56.75,"High":56.970001,"Low":56.419998,"Close":56.880001,"Adj Close":56.880001,"Volume":6164400}