{"Date":"2020-01-08","Open":57.75,"High":59.400002,"Low":57.73,"Close":58.849998,"Adj Close":58.849998,"Volume":8519000}