{"Date":"2019-05-15","Open":54.580002,"High":55.369999,"Low":54.09,"Close":55.049999,"Adj Close":54.295933,"Volume":2998900}