{"Date":"2019-08-22","Open":58.130001,"High":58.279999,"Low":57.470001,"Close":57.959999,"Adj Close":57.533119,"Volume":3436400}