{"Date":"2019-09-27","Open":58.970001,"High":59.380001,"Low":58.16,"Close":58.279999,"Adj Close":57.850765,"Volume":4395800}