{"Date":"2007-06-19","Open":18.59,"High":19.08,"Low":18.549999,"Close":18.870001,"Adj Close":16.878096,"Volume":3113000}