{"Date":"2007-06-20","Open":19.0,"High":19.49,"Low":18.82,"Close":19.360001,"Adj Close":17.31637,"Volume":4031500}