{"Date":"2019-04-23","Open":57.66,"High":58.41,"Low":57.66,"Close":58.240002,"Adj Close":57.097328,"Volume":4593000}