{"Date":"2019-08-01","Open":61.310001,"High":61.77,"Low":59.77,"Close":60.32,"Adj Close":59.87574,"Volume":5838000}