{"Date":"2019-11-18","Open":56.779999,"High":57.09,"Low":56.490002,"Close":57.080002,"Adj Close":57.080002,"Volume":3788400}