{"Date":"2019-04-22","Open":57.790001,"High":57.970001,"Low":57.279999,"Close":57.75,"Adj Close":56.616943,"Volume":4043900}