{"Date":"2019-09-30","Open":58.509998,"High":58.689999,"Low":57.52,"Close":57.599998,"Adj Close":57.175774,"Volume":5208200}