{"Date":"2019-12-02","Open":57.25,"High":57.650002,"Low":56.720001,"Close":56.75,"Adj Close":56.75,"Volume":5628200}