{"Date":"2020-01-10","Open":59.25,"High":59.490002,"Low":58.619999,"Close":59.240002,"Adj Close":59.240002,"Volume":8279700}