{"Date":"2019-04-08","Open":57.5,"High":57.900002,"Low":56.91,"Close":57.709999,"Adj Close":56.577728,"Volume":7921600}