{"Date":"2019-11-12","Open":57.59,"High":57.689999,"Low":57.040001,"Close":57.220001,"Adj Close":57.220001,"Volume":4424700}