{"Date":"2019-08-16","Open":57.43,"High":58.360001,"Low":57.220001,"Close":58.040001,"Adj Close":57.612534,"Volume":4226100}