{"Date":"2019-11-06","Open":57.5,"High":57.599998,"Low":57.040001,"Close":57.580002,"Adj Close":57.580002,"Volume":5120200}