{"Date":"2019-07-17","Open":63.23,"High":63.27,"Low":62.189999,"Close":62.25,"Adj Close":61.397308,"Volume":7532000}