{"Date":"2019-12-26","Open":59.48,"High":59.720001,"Low":59.259998,"Close":59.560001,"Adj Close":59.560001,"Volume":2464400}