{"Date":"2019-05-30","Open":53.380001,"High":53.799999,"Low":52.869999,"Close":53.029999,"Adj Close":52.3036,"Volume":3775200}