{"Date":"2020-01-31","Open":56.700001,"High":57.080002,"Low":55.43,"Close":55.740002,"Adj Close":55.740002,"Volume":9320800}