{"Date":"2019-06-21","Open":56.0,"High":56.860001,"Low":55.560001,"Close":55.990002,"Adj Close":55.223061,"Volume":8573500}