{"Date":"2019-08-29","Open":57.119999,"High":58.130001,"Low":57.060001,"Close":57.880001,"Adj Close":57.453712,"Volume":4101400}