{"Date":"2019-05-07","Open":57.25,"High":57.5,"Low":56.330002,"Close":57.169998,"Adj Close":56.386894,"Volume":4784800}