{"Date":"2019-05-03","Open":57.73,"High":58.139999,"Low":57.52,"Close":57.799999,"Adj Close":57.008263,"Volume":4673000}