{"Date":"2019-11-25","Open":56.389999,"High":56.689999,"Low":55.689999,"Close":56.349998,"Adj Close":56.349998,"Volume":6822400}