{"Date":"2019-04-04","Open":57.459999,"High":57.669998,"Low":56.369999,"Close":57.220001,"Adj Close":56.097343,"Volume":8998000}