{"Date":"2019-12-24","Open":59.66,"High":59.720001,"Low":59.16,"Close":59.389999,"Adj Close":59.389999,"Volume":1076000}