{"Date":"2019-08-05","Open":59.369999,"High":59.389999,"Low":57.029999,"Close":57.82,"Adj Close":57.394154,"Volume":8855700}