{"Date":"2019-05-16","Open":55.139999,"High":55.959999,"Low":55.139999,"Close":55.380001,"Adj Close":54.621414,"Volume":2731400}