{"Date":"2019-09-24","Open":58.619999,"High":58.91,"Low":57.560001,"Close":58.0,"Adj Close":57.572826,"Volume":5047700}