{"Date":"2019-05-14","Open":54.900002,"High":55.630001,"Low":54.75,"Close":55.25,"Adj Close":54.493195,"Volume":2463400}