{"Date":"2019-11-26","Open":56.32,"High":57.48,"Low":56.25,"Close":57.459999,"Adj Close":57.459999,"Volume":4888100}