{"Date":"2019-10-02","Open":55.740002,"High":55.75,"Low":52.869999,"Close":54.349998,"Adj Close":53.949707,"Volume":13770400}