{"Date":"2019-10-09","Open":54.009998,"High":54.400002,"Low":53.59,"Close":53.919998,"Adj Close":53.522873,"Volume":7615300}