{"Date":"2007-06-18","Open":18.65,"High":18.9,"Low":18.5,"Close":18.540001,"Adj Close":16.582933,"Volume":1339900}