{"Date":"2019-12-18","Open":59.490002,"High":59.639999,"Low":58.450001,"Close":58.580002,"Adj Close":58.580002,"Volume":5026900}