{"Date":"2019-08-23","Open":57.82,"High":58.07,"Low":55.84,"Close":56.200001,"Adj Close":55.786083,"Volume":5921400}