{"Date":"2019-06-24","Open":56.099998,"High":56.23,"Low":55.669998,"Close":56.07,"Adj Close":55.30196,"Volume":2896000}