{"Date":"2019-06-05","Open":54.849998,"High":55.23,"Low":54.240002,"Close":54.939999,"Adj Close":54.187439,"Volume":6379100}