{"Date":"2019-07-05","Open":59.150002,"High":59.389999,"Low":57.849998,"Close":58.700001,"Adj Close":57.895939,"Volume":5896900}