{"Date":"2020-01-06","Open":56.990002,"High":57.759998,"Low":56.66,"Close":57.66,"Adj Close":57.66,"Volume":5504300}