{"Date":"2019-08-15","Open":57.470001,"High":57.700001,"Low":56.779999,"Close":57.110001,"Adj Close":56.689384,"Volume":4351900}