{"Date":"2020-01-29","Open":57.639999,"High":57.799999,"Low":56.57,"Close":56.650002,"Adj Close":56.650002,"Volume":5662000}