{"Date":"2019-04-18","Open":58.5,"High":58.580002,"Low":58.02,"Close":58.169998,"Adj Close":57.028702,"Volume":4108100}