{"Date":"2019-08-20","Open":58.02,"High":58.169998,"Low":57.59,"Close":57.68,"Adj Close":57.255184,"Volume":2513700}