{"Date":"2019-12-04","Open":55.950001,"High":56.57,"Low":55.759998,"Close":56.060001,"Adj Close":56.060001,"Volume":4760100}