{"Date":"2019-10-31","Open":55.02,"High":55.200001,"Low":54.41,"Close":55.080002,"Adj Close":55.080002,"Volume":7024000}