{"Date":"2019-06-04","Open":52.849998,"High":54.369999,"Low":52.82,"Close":54.310001,"Adj Close":53.566071,"Volume":7619300}