{"Date":"2020-02-05","Open":58.970001,"High":59.299999,"Low":58.599998,"Close":58.889999,"Adj Close":58.889999,"Volume":6067000}