{"Date":"2019-10-08","Open":53.02,"High":54.099998,"Low":52.889999,"Close":53.200001,"Adj Close":52.808182,"Volume":8039400}