{"Date":"2019-08-27","Open":56.630001,"High":56.68,"Low":55.57,"Close":56.139999,"Adj Close":55.726524,"Volume":7702800}