{"Date":"2019-11-27","Open":57.529999,"High":57.580002,"Low":56.68,"Close":57.07,"Adj Close":57.07,"Volume":4062500}