{"Date":"2020-02-13","Open":58.75,"High":59.209999,"Low":58.349998,"Close":59.130001,"Adj Close":59.130001,"Volume":4353100}