{"Date":"2019-05-06","Open":56.98,"High":57.970001,"Low":56.740002,"Close":57.73,"Adj Close":56.939224,"Volume":4105400}