{"Date":"2019-11-07","Open":57.919998,"High":58.43,"Low":57.580002,"Close":57.66,"Adj Close":57.66,"Volume":7754400}