{"Date":"2019-04-17","Open":58.849998,"High":58.990002,"Low":58.09,"Close":58.43,"Adj Close":57.2836,"Volume":4987600}