{"Date":"2020-02-07","Open":57.959999,"High":58.25,"Low":57.52,"Close":57.919998,"Adj Close":57.919998,"Volume":3836800}