{"Date":"2020-01-07","Open":57.91,"High":58.07,"Low":57.470001,"Close":57.610001,"Adj Close":57.610001,"Volume":5563000}