{"Date":"2020-01-03","Open":57.5,"High":58.119999,"Low":56.91,"Close":58.060001,"Adj Close":58.060001,"Volume":9078100}