{"Date":"2019-05-23","Open":53.650002,"High":54.950001,"Low":53.240002,"Close":54.0,"Adj Close":53.260315,"Volume":5278900}