{"Date":"2019-07-12","Open":60.23,"High":62.240002,"Low":60.02,"Close":61.650002,"Adj Close":60.805531,"Volume":10045700}