{"Date":"2019-06-19","Open":56.279999,"High":56.560001,"Low":55.950001,"Close":56.360001,"Adj Close":55.58799,"Volume":3196800}