{"Date":"2007-06-28","Open":19.75,"High":19.889999,"Low":19.620001,"Close":19.67,"Adj Close":17.593643,"Volume":2547200}