{"Date":"2019-10-10","Open":51.950001,"High":53.259998,"Low":51.07,"Close":53.099998,"Adj Close":52.708916,"Volume":22703500}