{"Date":"2019-08-21","Open":58.25,"High":58.57,"Low":57.849998,"Close":58.009998,"Adj Close":57.582752,"Volume":3014900}