{"Date":"2007-06-15","Open":18.889999,"High":19.139999,"Low":18.450001,"Close":18.879999,"Adj Close":16.887035,"Volume":3418900}