{"Date":"2019-07-18","Open":61.77,"High":62.66,"Low":61.639999,"Close":62.66,"Adj Close":61.801693,"Volume":4482200}