{"Date":"2019-12-06","Open":56.439999,"High":56.599998,"Low":56.119999,"Close":56.139999,"Adj Close":56.139999,"Volume":4568200}