{"Date":"2019-04-24","Open":58.240002,"High":58.529999,"Low":57.799999,"Close":57.849998,"Adj Close":56.714977,"Volume":3275200}