{"Date":"2019-04-15","Open":58.0,"High":58.490002,"Low":57.369999,"Close":57.450001,"Adj Close":56.32283,"Volume":5327000}