{"Date":"2019-07-02","Open":58.599998,"High":59.220001,"Low":58.09,"Close":58.540001,"Adj Close":57.738129,"Volume":6837100}