{"Date":"2019-12-20","Open":59.549999,"High":59.580002,"Low":58.919998,"Close":58.970001,"Adj Close":58.970001,"Volume":6025700}