{"Date":"2007-05-08","Open":20.0,"High":20.0,"Low":19.299999,"Close":19.629999,"Adj Close":17.557867,"Volume":4166100}