{"Date":"2019-10-14","Open":52.049999,"High":53.200001,"Low":51.970001,"Close":52.990002,"Adj Close":52.599728,"Volume":6631900}