{"Date":"2019-09-10","Open":58.080002,"High":58.720001,"Low":57.799999,"Close":58.639999,"Adj Close":58.208115,"Volume":4409600}