{"Date":"2019-08-12","Open":59.07,"High":59.299999,"Low":58.27,"Close":58.66,"Adj Close":58.227966,"Volume":4788300}