{"Date":"2019-06-11","Open":55.02,"High":55.310001,"Low":54.48,"Close":54.880001,"Adj Close":54.128262,"Volume":2833700}