{"Date":"2019-06-20","Open":56.849998,"High":56.880001,"Low":55.330002,"Close":55.970001,"Adj Close":55.203335,"Volume":5055700}