{"Date":"2019-04-26","Open":56.560001,"High":57.470001,"Low":56.48,"Close":57.110001,"Adj Close":55.989498,"Volume":3714100}