{"Date":"2019-08-13","Open":58.200001,"High":59.919998,"Low":58.169998,"Close":58.84,"Adj Close":58.406639,"Volume":6156200}