{"Date":"2019-10-07","Open":53.75,"High":54.110001,"Low":53.240002,"Close":53.360001,"Adj Close":52.967003,"Volume":8659800}