{"Date":"2019-10-22","Open":54.689999,"High":54.959999,"Low":54.060001,"Close":54.650002,"Adj Close":54.247501,"Volume":5646900}