{"Date":"2019-07-29","Open":61.98,"High":62.720001,"Low":61.849998,"Close":62.459999,"Adj Close":61.999977,"Volume":4972200}