{"Date":"2019-11-21","Open":55.740002,"High":55.990002,"Low":55.259998,"Close":55.310001,"Adj Close":55.310001,"Volume":5021000}