{"Date":"2019-12-09","Open":55.990002,"High":56.150002,"Low":55.650002,"Close":55.799999,"Adj Close":55.799999,"Volume":4057000}