{"Date":"2019-10-30","Open":55.360001,"High":55.41,"Low":54.810001,"Close":55.32,"Adj Close":55.32,"Volume":3813800}