{"Date":"2019-06-28","Open":56.889999,"High":57.419998,"Low":56.700001,"Close":56.75,"Adj Close":55.972649,"Volume":8034800}