{"Date":"2020-01-22","Open":60.630001,"High":60.720001,"Low":59.560001,"Close":59.639999,"Adj Close":59.639999,"Volume":7096400}