{"Date":"2019-05-01","Open":58.200001,"High":58.509998,"Low":57.110001,"Close":57.18,"Adj Close":56.396759,"Volume":5629800}