{"Date":"2019-09-16","Open":58.029999,"High":59.130001,"Low":57.25,"Close":59.07,"Adj Close":58.634945,"Volume":9556400}