{"Date":"2019-11-05","Open":57.279999,"High":58.139999,"Low":57.049999,"Close":57.509998,"Adj Close":57.509998,"Volume":6915300}