{"Date":"2020-02-11","Open":58.099998,"High":59.099998,"Low":57.970001,"Close":58.66,"Adj Close":58.66,"Volume":4566500}