{"Date":"2019-05-24","Open":54.419998,"High":54.619999,"Low":53.709999,"Close":54.119999,"Adj Close":53.378674,"Volume":2502800}