{"Date":"2019-07-23","Open":61.450001,"High":63.110001,"Low":61.27,"Close":63.09,"Adj Close":62.225803,"Volume":7452200}