{"Date":"2019-10-25","Open":53.610001,"High":54.740002,"Low":53.599998,"Close":54.599998,"Adj Close":54.599998,"Volume":4412800}