{"Date":"2019-08-19","Open":58.68,"High":59.0,"Low":58.139999,"Close":58.189999,"Adj Close":57.761425,"Volume":3503500}