{"Date":"2019-11-08","Open":57.48,"High":57.66,"Low":57.029999,"Close":57.580002,"Adj Close":57.580002,"Volume":4821000}