{"Date":"2019-09-23","Open":58.310001,"High":58.66,"Low":57.84,"Close":58.02,"Adj Close":57.592682,"Volume":4387100}