{"Date":"2019-09-19","Open":59.25,"High":59.25,"Low":58.310001,"Close":58.689999,"Adj Close":58.257744,"Volume":3569900}