{"Date":"2019-08-08","Open":59.93,"High":60.450001,"Low":59.400002,"Close":60.029999,"Adj Close":59.587875,"Volume":5414000}