{"Date":"2019-06-12","Open":55.049999,"High":55.48,"Low":54.900002,"Close":55.450001,"Adj Close":54.690456,"Volume":3856200}