{"Date":"2019-12-03","Open":55.889999,"High":56.0,"Low":54.540001,"Close":55.619999,"Adj Close":55.619999,"Volume":6871700}