{"Date":"2020-01-17","Open":62.130001,"High":62.48,"Low":61.869999,"Close":62.029999,"Adj Close":62.029999,"Volume":5770000}