{"Date":"2019-05-02","Open":57.32,"High":58.080002,"Low":57.25,"Close":57.66,"Adj Close":56.870182,"Volume":3426100}