{"Date":"2019-06-13","Open":55.689999,"High":57.240002,"Low":55.669998,"Close":56.52,"Adj Close":55.7458,"Volume":6300400}