{"Date":"2019-07-10","Open":59.34,"High":59.669998,"Low":58.759998,"Close":59.470001,"Adj Close":58.655392,"Volume":7781300}