{"Date":"2019-05-17","Open":54.759998,"High":55.540001,"Low":54.490002,"Close":54.889999,"Adj Close":54.138126,"Volume":3969900}