{"Date":"2019-10-24","Open":54.299999,"High":54.66,"Low":53.48,"Close":53.790001,"Adj Close":53.790001,"Volume":4825300}