{"Date":"2019-08-26","Open":56.759998,"High":56.869999,"Low":55.950001,"Close":56.279999,"Adj Close":55.865494,"Volume":3414500}