{"Date":"2019-10-17","Open":53.52,"High":53.759998,"Low":53.25,"Close":53.369999,"Adj Close":52.976925,"Volume":4402000}