{"Date":"2020-01-28","Open":57.549999,"High":57.970001,"Low":56.75,"Close":57.48,"Adj Close":57.48,"Volume":6343700}