{"Date":"2019-10-04","Open":52.849998,"High":53.959999,"Low":52.68,"Close":53.810001,"Adj Close":53.413689,"Volume":6620900}