{"Date":"2019-11-20","Open":56.799999,"High":56.849998,"Low":55.279999,"Close":55.669998,"Adj Close":55.669998,"Volume":7383600}