{"Date":"2019-07-01","Open":57.299999,"High":57.900002,"Low":57.25,"Close":57.790001,"Adj Close":56.998402,"Volume":5020600}