{"Date":"2020-01-23","Open":59.189999,"High":60.380001,"Low":58.189999,"Close":60.27,"Adj Close":60.27,"Volume":7774500}