{"Date":"2020-02-12","Open":59.290001,"High":59.919998,"Low":59.18,"Close":59.470001,"Adj Close":59.470001,"Volume":5227500}