{"Date":"2019-12-10","Open":55.799999,"High":56.369999,"Low":55.43,"Close":55.529999,"Adj Close":55.529999,"Volume":4871900}