{"Date":"2019-11-29","Open":57.150002,"High":57.849998,"Low":57.009998,"Close":57.310001,"Adj Close":57.310001,"Volume":2653600}