{"Date":"2019-04-25","Open":57.84,"High":58.48,"Low":56.380001,"Close":56.709999,"Adj Close":55.597343,"Volume":5557400}