{"Date":"2019-12-16","Open":57.169998,"High":58.490002,"Low":57.150002,"Close":58.419998,"Adj Close":58.419998,"Volume":7460700}