{"Date":"2019-07-16","Open":61.880001,"High":63.259998,"Low":61.720001,"Close":63.16,"Adj Close":62.294846,"Volume":10319700}