{"Date":"2019-05-13","Open":55.439999,"High":55.52,"Low":54.07,"Close":54.799999,"Adj Close":54.049355,"Volume":5223700}