{"Date":"2020-01-13","Open":59.029999,"High":59.700001,"Low":59.029999,"Close":59.490002,"Adj Close":59.490002,"Volume":8414200}