{"Date":"2019-10-03","Open":53.119999,"High":53.860001,"Low":51.810001,"Close":52.830002,"Adj Close":52.440907,"Volume":14346800}