{"Date":"2020-02-06","Open":59.799999,"High":60.029999,"Low":58.02,"Close":58.18,"Adj Close":58.18,"Volume":5210200}