{"Date":"2019-09-18","Open":59.450001,"High":59.5,"Low":58.669998,"Close":59.310001,"Adj Close":58.87318,"Volume":4075600}