{"Date":"2019-07-22","Open":61.450001,"High":61.630001,"Low":61.060001,"Close":61.290001,"Adj Close":60.450459,"Volume":4786300}