{"Date":"2019-06-17","Open":55.779999,"High":55.939999,"Low":55.259998,"Close":55.669998,"Adj Close":54.907436,"Volume":4057300}