{"Date":"2019-07-08","Open":58.900002,"High":59.669998,"Low":58.84,"Close":59.369999,"Adj Close":58.556755,"Volume":7800600}