{"Date":"2019-12-11","Open":55.400002,"High":55.52,"Low":54.950001,"Close":55.080002,"Adj Close":55.080002,"Volume":5544300}