{"Date":"2007-06-27","Open":19.4,"High":19.59,"Low":19.129999,"Close":19.42,"Adj Close":17.370033,"Volume":2216000}