{"Date":"2019-11-22","Open":55.57,"High":56.130001,"Low":55.119999,"Close":56.110001,"Adj Close":56.110001,"Volume":9648200}