{"Date":"2019-04-03","Open":55.959999,"High":57.57,"Low":55.810001,"Close":57.0,"Adj Close":55.881657,"Volume":13299500}