{"Date":"2019-06-27","Open":56.75,"High":57.419998,"Low":56.5,"Close":56.82,"Adj Close":56.041687,"Volume":4375400}