{"Date":"2019-11-19","Open":57.349998,"High":57.490002,"Low":56.700001,"Close":57.07,"Adj Close":57.07,"Volume":4704900}