{"Date":"2019-05-28","Open":54.139999,"High":54.630001,"Low":53.869999,"Close":53.880001,"Adj Close":53.14196,"Volume":3454100}