{"Date":"2019-10-21","Open":54.189999,"High":54.98,"Low":54.099998,"Close":54.580002,"Adj Close":54.178017,"Volume":6699600}