{"Date":"2019-05-10","Open":56.25,"High":56.869999,"Low":55.060001,"Close":56.619999,"Adj Close":55.844425,"Volume":3737800}