{"Date":"2019-06-26","Open":56.07,"High":56.810001,"Low":55.84,"Close":56.380001,"Adj Close":55.607716,"Volume":4437700}