{"Date":"2019-12-05","Open":56.389999,"High":56.41,"Low":55.700001,"Close":55.880001,"Adj Close":55.880001,"Volume":3899900}