{"Date":"2019-09-17","Open":58.310001,"High":59.77,"Low":58.16,"Close":59.369999,"Adj Close":58.932735,"Volume":8176700}