{"Date":"2019-09-06","Open":58.700001,"High":58.959999,"Low":57.889999,"Close":57.98,"Adj Close":57.552975,"Volume":5741100}