{"Date":"2019-08-02","Open":59.900002,"High":60.529999,"Low":59.48,"Close":60.130001,"Adj Close":59.687141,"Volume":3739500}