{"Date":"2007-06-29","Open":19.549999,"High":19.83,"Low":19.51,"Close":19.700001,"Adj Close":17.620476,"Volume":2022200}