{"Date":"2007-07-12","Open":20.43,"High":20.629999,"Low":20.110001,"Close":20.43,"Adj Close":18.273418,"Volume":3455400}