{"Date":"2007-07-09","Open":20.940001,"High":21.389999,"Low":20.860001,"Close":21.33,"Adj Close":19.078415,"Volume":2872800}