{"Date":"2007-07-03","Open":19.709999,"High":20.26,"Low":19.709999,"Close":20.25,"Adj Close":18.112421,"Volume":2960900}