{"Date":"2007-07-11","Open":20.18,"High":20.59,"Low":20.0,"Close":20.120001,"Adj Close":17.996149,"Volume":2387700}