{"Date":"2007-07-10","Open":21.18,"High":21.25,"Low":20.530001,"Close":20.65,"Adj Close":18.470194,"Volume":2367100}