{"Date":"2007-07-02","Open":19.57,"High":19.76,"Low":19.530001,"Close":19.58,"Adj Close":17.513147,"Volume":1831600}