{"Date":"2007-05-09","Open":19.75,"High":20.200001,"Low":19.629999,"Close":19.790001,"Adj Close":17.700974,"Volume":7541100}