{"Date":"2007-07-13","Open":20.35,"High":20.540001,"Low":20.08,"Close":20.5,"Adj Close":18.336031,"Volume":1751700}