{"Date":"2007-07-06","Open":20.549999,"High":20.9,"Low":20.379999,"Close":20.83,"Adj Close":18.631199,"Volume":1966900}