{"Date":"2007-07-25","Open":21.299999,"High":21.309999,"Low":20.450001,"Close":20.780001,"Adj Close":18.586479,"Volume":2779100}