{"Date":"2007-05-10","Open":19.790001,"High":19.99,"Low":19.549999,"Close":19.700001,"Adj Close":17.620476,"Volume":3170600}