{"Date":"2007-07-26","Open":20.559999,"High":20.559999,"Low":18.870001,"Close":19.360001,"Adj Close":17.31637,"Volume":9754300}