{"Date":"2007-07-16","Open":20.450001,"High":21.0,"Low":20.309999,"Close":20.940001,"Adj Close":18.729584,"Volume":2891700}