{"Date":"2007-07-17","Open":21.0,"High":21.25,"Low":20.780001,"Close":21.190001,"Adj Close":18.953192,"Volume":4383100}