{"Date":"2007-07-27","Open":19.709999,"High":19.719999,"Low":18.370001,"Close":18.59,"Adj Close":16.627651,"Volume":4562800}