{"Date":"2007-07-19","Open":21.48,"High":21.799999,"Low":21.4,"Close":21.51,"Adj Close":19.23941,"Volume":8636500}