{"Date":"2007-07-23","Open":21.4,"High":21.5,"Low":21.01,"Close":21.110001,"Adj Close":18.881636,"Volume":4399000}