{"Date":"2007-07-18","Open":21.790001,"High":21.799999,"Low":21.15,"Close":21.370001,"Adj Close":19.114191,"Volume":9011300}