{"Date":"2007-07-31","Open":18.280001,"High":18.540001,"Low":17.719999,"Close":17.82,"Adj Close":15.938932,"Volume":3582900}