{"Date":"2007-08-09","Open":18.040001,"High":18.129999,"Low":17.65,"Close":17.870001,"Adj Close":15.983652,"Volume":3314300}