{"Date":"2007-08-10","Open":17.5,"High":17.610001,"Low":16.950001,"Close":17.559999,"Adj Close":15.706377,"Volume":3903000}