{"Date":"2007-08-03","Open":18.879999,"High":19.17,"Low":18.190001,"Close":18.700001,"Adj Close":16.726038,"Volume":3412800}