{"Date":"2007-07-30","Open":18.5,"High":18.59,"Low":17.32,"Close":18.049999,"Adj Close":16.144651,"Volume":8926900}