{"Date":"2007-08-08","Open":18.379999,"High":18.85,"Low":18.049999,"Close":18.49,"Adj Close":16.538202,"Volume":2724100}