{"Date":"2007-08-02","Open":18.67,"High":19.5,"Low":18.26,"Close":18.879999,"Adj Close":16.887035,"Volume":7427800}