{"Date":"2007-05-11","Open":19.709999,"High":19.799999,"Low":19.110001,"Close":19.299999,"Adj Close":17.262705,"Volume":3539400}