{"Date":"2007-08-06","Open":18.940001,"High":19.0,"Low":17.709999,"Close":18.02,"Adj Close":16.117823,"Volume":5659800}