{"Date":"2007-08-07","Open":17.85,"High":18.77,"Low":17.85,"Close":18.450001,"Adj Close":16.502426,"Volume":2725000}