{"Date":"2007-08-14","Open":17.290001,"High":17.58,"Low":15.96,"Close":16.969999,"Adj Close":15.178655,"Volume":5720100}