{"Date":"2007-08-13","Open":17.65,"High":18.049999,"Low":17.18,"Close":17.290001,"Adj Close":15.464878,"Volume":2050800}