{"Date":"2007-08-17","Open":16.549999,"High":16.6,"Low":15.02,"Close":16.0,"Adj Close":14.311046,"Volume":4152000}