{"Date":"2007-08-22","Open":18.15,"High":18.65,"Low":17.639999,"Close":18.1,"Adj Close":16.189375,"Volume":4715900}