{"Date":"2007-08-15","Open":16.85,"High":16.950001,"Low":15.02,"Close":15.75,"Adj Close":14.087438,"Volume":3556000}