{"Date":"2007-08-23","Open":18.0,"High":18.15,"Low":17.549999,"Close":18.0,"Adj Close":16.099932,"Volume":2271300}