{"Date":"2007-08-21","Open":16.01,"High":17.83,"Low":15.95,"Close":17.709999,"Adj Close":15.840546,"Volume":5527200}