{"Date":"2007-08-16","Open":15.25,"High":16.200001,"Low":14.94,"Close":15.92,"Adj Close":14.239496,"Volume":6312100}