{"Date":"2007-08-24","Open":17.790001,"High":18.280001,"Low":17.620001,"Close":18.24,"Adj Close":16.3146,"Volume":983600}