{"Date":"2007-05-14","Open":19.15,"High":19.389999,"Low":18.75,"Close":18.889999,"Adj Close":16.895985,"Volume":1924800}