{"Date":"2007-08-28","Open":17.549999,"High":17.68,"Low":17.23,"Close":17.35,"Adj Close":15.51854,"Volume":1240500}