{"Date":"2007-09-05","Open":17.5,"High":17.98,"Low":17.5,"Close":17.620001,"Adj Close":15.760041,"Volume":1847900}