{"Date":"2007-05-15","Open":18.65,"High":18.85,"Low":18.15,"Close":18.200001,"Adj Close":16.278818,"Volume":3438700}