{"Date":"2007-09-07","Open":17.58,"High":17.74,"Low":17.389999,"Close":17.620001,"Adj Close":15.760041,"Volume":1533800}