{"Date":"2007-08-30","Open":17.049999,"High":17.299999,"Low":16.82,"Close":16.98,"Adj Close":15.187598,"Volume":1210500}