{"Date":"2007-08-27","Open":17.610001,"High":18.23,"Low":17.5,"Close":17.700001,"Adj Close":15.831603,"Volume":1321100}