{"Date":"2007-09-04","Open":17.040001,"High":17.68,"Low":16.969999,"Close":17.530001,"Adj Close":15.679543,"Volume":1992800}