{"Date":"2007-08-31","Open":17.049999,"High":17.27,"Low":16.82,"Close":16.879999,"Adj Close":15.098155,"Volume":1239900}