{"Date":"2007-09-06","Open":17.75,"High":18.299999,"Low":17.26,"Close":18.07,"Adj Close":16.162537,"Volume":2205500}