{"Date":"2007-08-29","Open":17.459999,"High":17.639999,"Low":17.309999,"Close":17.360001,"Adj Close":15.527493,"Volume":1092700}