{"Date":"2007-09-10","Open":17.73,"High":17.99,"Low":17.26,"Close":17.440001,"Adj Close":15.599046,"Volume":2483400}