{"Date":"2007-09-21","Open":18.190001,"High":18.190001,"Low":17.459999,"Close":17.559999,"Adj Close":15.706377,"Volume":1767300}