{"Date":"2007-09-18","Open":17.35,"High":17.559999,"Low":16.870001,"Close":17.450001,"Adj Close":15.607985,"Volume":1800800}