{"Date":"2007-09-12","Open":17.65,"High":17.65,"Low":17.059999,"Close":17.15,"Adj Close":15.339655,"Volume":2217800}