{"Date":"2007-09-20","Open":18.17,"High":18.18,"Low":17.639999,"Close":17.719999,"Adj Close":15.849487,"Volume":1631700}