{"Date":"2007-09-14","Open":17.34,"High":17.700001,"Low":17.27,"Close":17.65,"Adj Close":15.786876,"Volume":873900}