{"Date":"2007-09-17","Open":17.57,"High":17.67,"Low":17.110001,"Close":17.15,"Adj Close":15.339655,"Volume":939100}