{"Date":"2007-09-19","Open":17.5,"High":18.34,"Low":17.5,"Close":18.290001,"Adj Close":16.359318,"Volume":3484000}