{"Date":"2007-09-24","Open":17.52,"High":17.57,"Low":16.01,"Close":16.030001,"Adj Close":14.337884,"Volume":5237600}