{"Date":"2007-09-13","Open":17.309999,"High":17.620001,"Low":17.16,"Close":17.59,"Adj Close":15.733208,"Volume":1365600}