{"Date":"2007-05-16","Open":18.059999,"High":18.48,"Low":18.02,"Close":18.34,"Adj Close":16.404037,"Volume":2607600}