{"Date":"2007-09-11","Open":17.4,"High":17.9,"Low":17.309999,"Close":17.690001,"Adj Close":15.822652,"Volume":2066700}